[
  {
    "name": "Brave the Battle",
    "releaseDate": "2015-07-17",
    "type": "intro",
    "cards": [
      {
        "count": 1,
        "multiverseid": 398611,
        "name": "Hixus, Prison Warden"
      },
      {
        "count": 2,
        "multiverseid": 398455,
        "name": "Anointer of Champions"
      },
      {
        "count": 3,
        "multiverseid": 398451,
        "name": "Cleric of the Forward Order"
      },
      {
        "count": 2,
        "multiverseid": 398420,
        "name": "Knight of the Pilgrim's Road"
      },
      {
        "count": 2,
        "multiverseid": 398624,
        "name": "Stalwart Aven"
      },
      {
        "count": 2,
        "multiverseid": 398619,
        "name": "Topan Freeblade"
      },
      {
        "count": 2,
        "multiverseid": 398447,
        "name": "Valeron Wardens"
      },
      {
        "count": 1,
        "multiverseid": 398408,
        "name": "Heavy Infantry"
      },
      {
        "count": 2,
        "multiverseid": 398672,
        "name": "Citadel Castellan"
      },
      {
        "count": 1,
        "multiverseid": 398631,
        "name": "Patron of the Valiant"
      },
      {
        "count": 1,
        "multiverseid": 398668,
        "name": "Outland Colossus"
      },
      {
        "count": 2,
        "multiverseid": 398659,
        "name": "Sentinel of the Eternal Watch"
      },
      {
        "count": 1,
        "multiverseid": 398469,
        "name": "Vastwood Gorger"
      },
      {
        "count": 2,
        "multiverseid": 398654,
        "name": "Enshrouding Mist"
      },
      {
        "count": 2,
        "multiverseid": 398558,
        "name": "Grasp of the Hieromancer"
      },
      {
        "count": 2,
        "multiverseid": 398630,
        "name": "Mighty Leap"
      },
      {
        "count": 1,
        "multiverseid": 398648,
        "name": "Titanic Growth"
      },
      {
        "count": 1,
        "multiverseid": 398658,
        "name": "Vine Snare"
      },
      {
        "count": 1,
        "multiverseid": 398529,
        "name": "Valor in Akros"
      },
      {
        "count": 2,
        "multiverseid": 398508,
        "name": "Wild Instincts"
      },
      {
        "count": 2,
        "multiverseid": 398622,
        "name": "Knightly Valor"
      },
      {
        "count": 1,
        "multiverseid": 398548,
        "name": "Evolving Wilds"
      },
      {
        "count": 14,
        "multiverseid": 398541,
        "name": "Plains"
      },
      {
        "count": 10,
        "multiverseid": 398617,
        "name": "Forest"
      }
    ]
  },
  {
    "name": "Take to the Sky",
    "releaseDate": "2015-07-17",
    "type": "intro",
    "cards": [
      {
        "count": 1,
        "multiverseid": 398436,
        "name": "Alhammarret, High Arbiter"
      },
      {
        "count": 3,
        "multiverseid": 398459,
        "name": "Faerie Miscreant"
      },
      {
        "count": 2,
        "multiverseid": 398592,
        "name": "Sigiled Starfish"
      },
      {
        "count": 2,
        "multiverseid": 398671,
        "name": "Yoked Ox"
      },
      {
        "count": 2,
        "multiverseid": 398540,
        "name": "Watercourser"
      },
      {
        "count": 2,
        "multiverseid": 398615,
        "name": "Tower Geist"
      },
      {
        "count": 2,
        "multiverseid": 398465,
        "name": "Nivix Barrier"
      },
      {
        "count": 2,
        "multiverseid": 398560,
        "name": "Charging Griffin"
      },
      {
        "count": 2,
        "multiverseid": 398655,
        "name": "Thunderclap Wyvern"
      },
      {
        "count": 2,
        "multiverseid": 398599,
        "name": "Totem-Guide Hartebeest"
      },
      {
        "count": 1,
        "multiverseid": 398485,
        "name": "Soulblade Djinn"
      },
      {
        "count": 1,
        "multiverseid": 398627,
        "name": "Aven Battle Priest"
      },
      {
        "count": 1,
        "multiverseid": 398629,
        "name": "Negate"
      },
      {
        "count": 1,
        "multiverseid": 398549,
        "name": "Stratus Walk"
      },
      {
        "count": 1,
        "multiverseid": 398463,
        "name": "Turn to Frog"
      },
      {
        "count": 1,
        "multiverseid": 398641,
        "name": "Murder Investigation"
      },
      {
        "count": 1,
        "multiverseid": 398488,
        "name": "Celestial Flare"
      },
      {
        "count": 2,
        "multiverseid": 398666,
        "name": "Hydrolash"
      },
      {
        "count": 2,
        "multiverseid": 398563,
        "name": "Healing Hands"
      },
      {
        "count": 2,
        "multiverseid": 398607,
        "name": "Claustrophobia"
      },
      {
        "count": 2,
        "multiverseid": 398602,
        "name": "Suppression Bonds"
      },
      {
        "count": 1,
        "multiverseid": 398548,
        "name": "Evolving Wilds"
      },
      {
        "count": 14,
        "multiverseid": 398477,
        "name": "Island"
      },
      {
        "count": 10,
        "multiverseid": 398541,
        "name": "Plains"
      }
    ]
  },
  {
    "name": "Demonic Deals",
    "releaseDate": "2015-07-17",
    "type": "intro",
    "cards": [
      {
        "count": 1,
        "multiverseid": 398443,
        "name": "Kothophed, Soul Hoarder"
      },
      {
        "count": 2,
        "multiverseid": 398556,
        "name": "Malakir Cullblade"
      },
      {
        "count": 2,
        "multiverseid": 398552,
        "name": "Shambling Ghoul"
      },
      {
        "count": 1,
        "multiverseid": 398625,
        "name": "Fleshbag Marauder"
      },
      {
        "count": 3,
        "multiverseid": 398440,
        "name": "Nantuko Husk"
      },
      {
        "count": 3,
        "multiverseid": 398484,
        "name": "Undead Servant"
      },
      {
        "count": 2,
        "multiverseid": 398468,
        "name": "Returned Centaur"
      },
      {
        "count": 1,
        "multiverseid": 398616,
        "name": "Cobblebrute"
      },
      {
        "count": 2,
        "multiverseid": 398660,
        "name": "Blazing Hellhound"
      },
      {
        "count": 2,
        "multiverseid": 398493,
        "name": "Enthralling Victor"
      },
      {
        "count": 1,
        "multiverseid": 398575,
        "name": "Revenant"
      },
      {
        "count": 2,
        "multiverseid": 398516,
        "name": "Fiery Impulse"
      },
      {
        "count": 1,
        "multiverseid": 398591,
        "name": "Reave Soul"
      },
      {
        "count": 3,
        "multiverseid": 398578,
        "name": "Act of Treason"
      },
      {
        "count": 1,
        "multiverseid": 398562,
        "name": "Nightsnare"
      },
      {
        "count": 1,
        "multiverseid": 398544,
        "name": "Weight of the Underworld"
      },
      {
        "count": 2,
        "multiverseid": 398415,
        "name": "Cruel Revival"
      },
      {
        "count": 1,
        "multiverseid": 398491,
        "name": "Necromantic Summons"
      },
      {
        "count": 1,
        "multiverseid": 398632,
        "name": "Chandra's Fury"
      },
      {
        "count": 1,
        "multiverseid": 398452,
        "name": "Unholy Hunger"
      },
      {
        "count": 1,
        "multiverseid": 398416,
        "name": "Chandra's Ignition"
      },
      {
        "count": 1,
        "multiverseid": 398601,
        "name": "Ravaging Blaze"
      },
      {
        "count": 1,
        "multiverseid": 398548,
        "name": "Evolving Wilds"
      },
      {
        "count": 14,
        "multiverseid": 398472,
        "name": "Swamp"
      },
      {
        "count": 10,
        "multiverseid": 398425,
        "name": "Mountain"
      }
    ]
  },
  {
    "name": "Assemble Victory",
    "releaseDate": "2015-07-17",
    "type": "intro",
    "cards": [
      {
        "count": 1,
        "multiverseid": 398453,
        "name": "Pia and Kiran Nalaar"
      },
      {
        "count": 2,
        "multiverseid": 398665,
        "name": "Bonded Construct"
      },
      {
        "count": 1,
        "multiverseid": 398643,
        "name": "Runed Servitor"
      },
      {
        "count": 1,
        "multiverseid": 398458,
        "name": "Subterranean Scout"
      },
      {
        "count": 1,
        "multiverseid": 398439,
        "name": "Bellows Lizard"
      },
      {
        "count": 2,
        "multiverseid": 398581,
        "name": "Chief of the Foundry"
      },
      {
        "count": 1,
        "multiverseid": 398670,
        "name": "Maritime Guard"
      },
      {
        "count": 2,
        "multiverseid": 398681,
        "name": "Ghirapur Gearcrafter"
      },
      {
        "count": 1,
        "multiverseid": 398467,
        "name": "Ramroller"
      },
      {
        "count": 1,
        "multiverseid": 398514,
        "name": "Thopter Engineer"
      },
      {
        "count": 2,
        "multiverseid": 398509,
        "name": "Guardian Automaton"
      },
      {
        "count": 2,
        "multiverseid": 398674,
        "name": "Aspiring Aeronaut"
      },
      {
        "count": 1,
        "multiverseid": 398608,
        "name": "Separatist Voidmage"
      },
      {
        "count": 1,
        "multiverseid": 398410,
        "name": "Whirler Rogue"
      },
      {
        "count": 2,
        "multiverseid": 398521,
        "name": "Reclusive Artificer"
      },
      {
        "count": 2,
        "multiverseid": 398636,
        "name": "Volcanic Rambler"
      },
      {
        "count": 1,
        "multiverseid": 398620,
        "name": "Mage-Ring Responder"
      },
      {
        "count": 1,
        "multiverseid": 398646,
        "name": "Prism Ring"
      },
      {
        "count": 2,
        "multiverseid": 398640,
        "name": "Alchemist's Vial"
      },
      {
        "count": 3,
        "multiverseid": 398582,
        "name": "Infectious Bloodlust"
      },
      {
        "count": 1,
        "multiverseid": 398528,
        "name": "Disperse"
      },
      {
        "count": 2,
        "multiverseid": 398517,
        "name": "Ghirapur Æther Grid"
      },
      {
        "count": 2,
        "multiverseid": 398462,
        "name": "Artificer's Epiphany"
      },
      {
        "count": 1,
        "multiverseid": 398499,
        "name": "Meteorite"
      },
      {
        "count": 1,
        "multiverseid": 398548,
        "name": "Evolving Wilds"
      },
      {
        "count": 13,
        "multiverseid": 398425,
        "name": "Mountain"
      },
      {
        "count": 10,
        "multiverseid": 398477,
        "name": "Island"
      }
    ]
  },
  {
    "name": "Hunting Pack",
    "releaseDate": "2015-07-17",
    "type": "intro",
    "cards": [
      {
        "count": 1,
        "multiverseid": 398546,
        "name": "Dwynen, Gilt-Leaf Daen"
      },
      {
        "count": 2,
        "multiverseid": 398609,
        "name": "Dwynen's Elite"
      },
      {
        "count": 2,
        "multiverseid": 398554,
        "name": "Elvish Visionary"
      },
      {
        "count": 2,
        "multiverseid": 398407,
        "name": "Thornbow Archer"
      },
      {
        "count": 3,
        "multiverseid": 398445,
        "name": "Timberpack Wolf"
      },
      {
        "count": 2,
        "multiverseid": 398634,
        "name": "Leaf Gilder"
      },
      {
        "count": 1,
        "multiverseid": 398676,
        "name": "Hitchclaw Recluse"
      },
      {
        "count": 2,
        "multiverseid": 398424,
        "name": "Yeva's Forcemage"
      },
      {
        "count": 1,
        "multiverseid": 398456,
        "name": "Managorger Hydra"
      },
      {
        "count": 2,
        "multiverseid": 398500,
        "name": "Deadbridge Shaman"
      },
      {
        "count": 2,
        "multiverseid": 398535,
        "name": "Eyeblight Assassin"
      },
      {
        "count": 2,
        "multiverseid": 398489,
        "name": "Shaman of the Pack"
      },
      {
        "count": 2,
        "multiverseid": 398651,
        "name": "Sylvan Messenger"
      },
      {
        "count": 1,
        "multiverseid": 398650,
        "name": "Skysnare Spider"
      },
      {
        "count": 2,
        "multiverseid": 398662,
        "name": "Might of the Masses"
      },
      {
        "count": 1,
        "multiverseid": 398494,
        "name": "Macabre Waltz"
      },
      {
        "count": 1,
        "multiverseid": 398562,
        "name": "Nightsnare"
      },
      {
        "count": 2,
        "multiverseid": 398544,
        "name": "Weight of the Underworld"
      },
      {
        "count": 1,
        "multiverseid": 398512,
        "name": "Consecrated by Blood"
      },
      {
        "count": 2,
        "multiverseid": 398645,
        "name": "Eyeblight Massacre"
      },
      {
        "count": 2,
        "multiverseid": 398642,
        "name": "Joraga Invocation"
      },
      {
        "count": 1,
        "multiverseid": 398548,
        "name": "Evolving Wilds"
      },
      {
        "count": 11,
        "multiverseid": 398617,
        "name": "Forest"
      },
      {
        "count": 12,
        "multiverseid": 398472,
        "name": "Swamp"
      }
    ]
  },
  {
    "name": "Armed",
    "releaseDate": "2015-07-17",
    "type": "clash pack",
    "cards": [
      {
        "count": 1,
        "multiverseid": 398450,
        "name": "Honored Hierarch"
      },
      {
        "count": 1,
        "multiverseid": 394541,
        "name": "Dragon Hunter"
      },
      {
        "count": 1,
        "multiverseid": 398455,
        "name": "Anointer of Champions"
      },
      {
        "count": 1,
        "multiverseid": 386660,
        "name": "Seeker of the Way"
      },
      {
        "count": 1,
        "multiverseid": 394557,
        "name": "Dromoka Warrior"
      },
      {
        "count": 2,
        "multiverseid": 398619,
        "name": "Topan Freeblade"
      },
      {
        "count": 2,
        "multiverseid": 398568,
        "name": "Undercity Troll"
      },
      {
        "count": 1,
        "multiverseid": 398446,
        "name": "Consul's Lieutenant"
      },
      {
        "count": 1,
        "multiverseid": 391822,
        "name": "Dragon Bell Monk"
      },
      {
        "count": 2,
        "multiverseid": 398447,
        "name": "Valeron Wardens"
      },
      {
        "count": 2,
        "multiverseid": 398672,
        "name": "Citadel Castellan"
      },
      {
        "count": 2,
        "multiverseid": 398621,
        "name": "War Oracle"
      },
      {
        "count": 1,
        "multiverseid": 398668,
        "name": "Outland Colossus"
      },
      {
        "count": 1,
        "multiverseid": 398561,
        "name": "Kytheon's Irregulars"
      },
      {
        "count": 2,
        "multiverseid": 398654,
        "name": "Enshrouding Mist"
      },
      {
        "count": 1,
        "multiverseid": 386534,
        "name": "Feat of Resistance"
      },
      {
        "count": 2,
        "multiverseid": 398630,
        "name": "Mighty Leap"
      },
      {
        "count": 2,
        "multiverseid": 397528,
        "name": "Pacifism"
      },
      {
        "count": 1,
        "multiverseid": 391896,
        "name": "Pressure Point"
      },
      {
        "count": 1,
        "multiverseid": 391950,
        "name": "Valorous Stance"
      },
      {
        "count": 2,
        "multiverseid": 394567,
        "name": "Epic Confrontation"
      },
      {
        "count": 2,
        "multiverseid": 398648,
        "name": "Titanic Growth"
      },
      {
        "count": 1,
        "multiverseid": 394558,
        "name": "Dromoka's Command"
      },
      {
        "count": 1,
        "multiverseid": 394519,
        "name": "Collected Company"
      },
      {
        "count": 2,
        "multiverseid": 391804,
        "name": "Blossoming Sands"
      },
      {
        "count": 2,
        "multiverseid": 398548,
        "name": "Evolving Wilds"
      },
      {
        "count": 1,
        "multiverseid": 386725,
        "name": "Windswept Heath"
      },
      {
        "count": 11,
        "multiverseid": 398541,
        "name": "Plains"
      },
      {
        "count": 10,
        "multiverseid": 398617,
        "name": "Forest"
      }
    ]
  },
  {
    "name": "Dangerous",
    "releaseDate": "2015-07-17",
    "type": "clash pack",
    "cards": [
      {
        "count": 1,
        "multiverseid": 391825,
        "name": "Dromoka, the Eternal"
      },
      {
        "count": 2,
        "multiverseid": 386471,
        "name": "Ainok Bond-Kin"
      },
      {
        "count": 2,
        "multiverseid": 386521,
        "name": "Disowned Ancestor"
      },
      {
        "count": 3,
        "multiverseid": 394616,
        "name": "Lightwalker"
      },
      {
        "count": 1,
        "multiverseid": 394490,
        "name": "Anafenza, Kin-Tree Spirit"
      },
      {
        "count": 1,
        "multiverseid": 394503,
        "name": "Avatar of the Resolute"
      },
      {
        "count": 2,
        "multiverseid": 386468,
        "name": "Abzan Falconer"
      },
      {
        "count": 1,
        "multiverseid": 386708,
        "name": "Tuskguard Captain"
      },
      {
        "count": 1,
        "multiverseid": 386466,
        "name": "Abzan Battle Priest"
      },
      {
        "count": 1,
        "multiverseid": 386603,
        "name": "Mer-Ek Nightblade"
      },
      {
        "count": 1,
        "multiverseid": 386588,
        "name": "Longshot Squad"
      },
      {
        "count": 1,
        "multiverseid": 386666,
        "name": "Siege Rhino"
      },
      {
        "count": 1,
        "multiverseid": 391826,
        "name": "Elite Scaleguard"
      },
      {
        "count": 1,
        "multiverseid": 386682,
        "name": "Suspension Field"
      },
      {
        "count": 1,
        "multiverseid": 394070,
        "name": "Debilitating Injury"
      },
      {
        "count": 2,
        "multiverseid": 394735,
        "name": "Ultimate Price"
      },
      {
        "count": 1,
        "multiverseid": 391790,
        "name": "Ancestral Vengeance"
      },
      {
        "count": 2,
        "multiverseid": 391807,
        "name": "Cached Defenses"
      },
      {
        "count": 2,
        "multiverseid": 391871,
        "name": "Map the Wastes"
      },
      {
        "count": 1,
        "multiverseid": 386464,
        "name": "Abzan Ascendancy"
      },
      {
        "count": 1,
        "multiverseid": 394679,
        "name": "Scale Blessing"
      },
      {
        "count": 1,
        "multiverseid": 391809,
        "name": "Citadel Siege"
      },
      {
        "count": 2,
        "multiverseid": 394559,
        "name": "Dromoka's Gift"
      },
      {
        "count": 2,
        "multiverseid": 386564,
        "name": "Incremental Growth"
      },
      {
        "count": 2,
        "multiverseid": 391804,
        "name": "Blossoming Sands"
      },
      {
        "count": 2,
        "multiverseid": 391865,
        "name": "Jungle Hollow"
      },
      {
        "count": 1,
        "multiverseid": 386649,
        "name": "Sandsteppe Citadel"
      },
      {
        "count": 2,
        "multiverseid": 391915,
        "name": "Scoured Barrens"
      },
      {
        "count": 7,
        "multiverseid": 398541,
        "name": "Plains"
      },
      {
        "count": 6,
        "multiverseid": 398472,
        "name": "Swamp"
      },
      {
        "count": 6,
        "multiverseid": 398617,
        "name": "Forest"
      }
    ]
  },
  {
    "name": "Armed and Dangerous",
    "releaseDate": "2015-07-17",
    "type": "clash pack",
    "cards": [
      {
        "count": 1,
        "multiverseid": 398450,
        "name": "Honored Hierarch"
      },
      {
        "count": 1,
        "multiverseid": 394541,
        "name": "Dragon Hunter"
      },
      {
        "count": 1,
        "multiverseid": 394557,
        "name": "Dromoka Warrior"
      },
      {
        "count": 3,
        "multiverseid": 394616,
        "name": "Lightwalker"
      },
      {
        "count": 1,
        "multiverseid": 386660,
        "name": "Seeker of the Way"
      },
      {
        "count": 2,
        "multiverseid": 398568,
        "name": "Undercity Troll"
      },
      {
        "count": 2,
        "multiverseid": 398619,
        "name": "Topan Freeblade"
      },
      {
        "count": 1,
        "multiverseid": 394490,
        "name": "Anafenza, Kin-Tree Spirit"
      },
      {
        "count": 1,
        "multiverseid": 398446,
        "name": "Consul's Lieutenant"
      },
      {
        "count": 1,
        "multiverseid": 394503,
        "name": "Avatar of the Resolute"
      },
      {
        "count": 1,
        "multiverseid": 398672,
        "name": "Citadel Castellan"
      },
      {
        "count": 1,
        "multiverseid": 386666,
        "name": "Siege Rhino"
      },
      {
        "count": 1,
        "multiverseid": 398561,
        "name": "Kytheon's Irregulars"
      },
      {
        "count": 1,
        "multiverseid": 398668,
        "name": "Outland Colossus"
      },
      {
        "count": 1,
        "multiverseid": 391825,
        "name": "Dromoka, the Eternal"
      },
      {
        "count": 1,
        "multiverseid": 386534,
        "name": "Feat of Resistance"
      },
      {
        "count": 2,
        "multiverseid": 397528,
        "name": "Pacifism"
      },
      {
        "count": 1,
        "multiverseid": 386682,
        "name": "Suspension Field"
      },
      {
        "count": 1,
        "multiverseid": 391950,
        "name": "Valorous Stance"
      },
      {
        "count": 2,
        "multiverseid": 394735,
        "name": "Ultimate Price"
      },
      {
        "count": 1,
        "multiverseid": 394558,
        "name": "Dromoka's Command"
      },
      {
        "count": 2,
        "multiverseid": 391807,
        "name": "Cached Defenses"
      },
      {
        "count": 1,
        "multiverseid": 386464,
        "name": "Abzan Ascendancy"
      },
      {
        "count": 1,
        "multiverseid": 394519,
        "name": "Collected Company"
      },
      {
        "count": 1,
        "multiverseid": 391809,
        "name": "Citadel Siege"
      },
      {
        "count": 2,
        "multiverseid": 386564,
        "name": "Incremental Growth"
      },
      {
        "count": 4,
        "multiverseid": 391804,
        "name": "Blossoming Sands"
      },
      {
        "count": 2,
        "multiverseid": 398548,
        "name": "Evolving Wilds"
      },
      {
        "count": 2,
        "multiverseid": 391865,
        "name": "Jungle Hollow"
      },
      {
        "count": 1,
        "multiverseid": 386649,
        "name": "Sandsteppe Citadel"
      },
      {
        "count": 2,
        "multiverseid": 391915,
        "name": "Scoured Barrens"
      },
      {
        "count": 1,
        "multiverseid": 386725,
        "name": "Windswept Heath"
      },
      {
        "count": 6,
        "multiverseid": 398541,
        "name": "Plains"
      },
      {
        "count": 3,
        "multiverseid": 398472,
        "name": "Swamp"
      },
      {
        "count": 5,
        "multiverseid": 398617,
        "name": "Forest"
      }
    ],
    "sideboard": [
      {
        "count": 1,
        "multiverseid": 398455,
        "name": "Anointer of Champions"
      },
      {
        "count": 2,
        "multiverseid": 398654,
        "name": "Enshrouding Mist"
      },
      {
        "count": 2,
        "multiverseid": 386521,
        "name": "Disowned Ancestor"
      },
      {
        "count": 2,
        "multiverseid": 398630,
        "name": "Mighty Leap"
      },
      {
        "count": 1,
        "multiverseid": 394070,
        "name": "Debilitating Injury"
      },
      {
        "count": 2,
        "multiverseid": 394567,
        "name": "Epic Confrontation"
      },
      {
        "count": 2,
        "multiverseid": 386468,
        "name": "Abzan Falconer"
      },
      {
        "count": 1,
        "multiverseid": 386466,
        "name": "Abzan Battle Priest"
      },
      {
        "count": 1,
        "multiverseid": 394679,
        "name": "Scale Blessing"
      },
      {
        "count": 1,
        "multiverseid": 391826,
        "name": "Elite Scaleguard"
      }
    ]
  }
]