{
  "name": "Commander's Arsenal",
  "code": "CM1",
  "oldCode": "CMA",
  "magicCardsInfoCode": "cma",
  "releaseDate": "2012-11-02",
  "border": "black",
  "type": "commander",
  "mkm_name": "Commander's Arsenal",
  "mkm_id": 1418,
  "cards": [
    {
      "artist": "Trevor Claxton",
      "cmc": 3,
      "colorIdentity": [
        "R"
      ],
      "colors": [
        "Red"
      ],
      "id": "c538bd18755007f490056c60cae7b68a5dd3e0e7",
      "imageName": "chaos warp",
      "layout": "normal",
      "legalities": [
        {
          "format": "Commander",
          "legality": "Legal"
        },
        {
          "format": "Legacy",
          "legality": "Legal"
        },
        {
          "format": "Vintage",
          "legality": "Legal"
        }
      ],
      "manaCost": "{2}{R}",
      "multiverseid": 338441,
      "name": "Chaos Warp",
      "number": "1",
      "originalText": "The owner of target permanent shuffles it into his or her library, then reveals the top card of his or her library. If it's a permanent card, he or she puts it onto the battlefield.",
      "originalType": "Instant",
      "printings": [
        "CMD",
        "CM1",
        "VMA",
        "C14",
        "C16",
        "C17",
        "CM2",
        "C18"
      ],
      "rarity": "Rare",
      "rulings": [
        {
          "date": "2011-09-22",
          "text": "The owner of a token is the player under whose control the token was put onto the battlefield. If a token is shuffled into a player's library this way, that player shuffles before revealing the top card of that library."
        },
        {
          "date": "2011-09-22",
          "text": "If the permanent is an illegal target by the time Chaos Warp tries to resolve, it won't resolve and none of its effects will occur. No library will be shuffled and no card will be revealed."
        },
        {
          "date": "2011-09-22",
          "text": "A permanent card is a card with one or more of the following card types: artifact, creature, enchantment, land, or planeswalker."
        },
        {
          "date": "2011-09-22",
          "text": "If the revealed card is a permanent card but can't enter the battlefield (perhaps because it's an Aura with nothing to enchant), it remains on top of that library."
        },
        {
          "date": "2011-09-22",
          "text": "If the revealed card is not a permanent card, it remains on top of that library."
        }
      ],
      "text": "The owner of target permanent shuffles it into their library, then reveals the top card of their library. If it's a permanent card, they put it onto the battlefield.",
      "type": "Instant",
      "types": [
        "Instant"
      ]
    },
    {
      "artist": "Adam Paquette",
      "cmc": 0,
      "flavor": "When defeat is near and guidance is scarce, all eyes look in one direction.",
      "id": "2090dd46a156a4b64b3da7465f687ebd71a6a3f7",
      "imageName": "command tower",
      "layout": "normal",
      "legalities": [
        {
          "format": "Commander",
          "legality": "Legal"
        },
        {
          "format": "Legacy",
          "legality": "Legal"
        },
        {
          "format": "Vintage",
          "legality": "Legal"
        }
      ],
      "mciNumber": "245",
      "multiverseid": 338442,
      "name": "Command Tower",
      "number": "2",
      "originalText": "{T}: Add to your mana pool one mana of any color in your commander's color identity.",
      "originalType": "Land",
      "printings": [
        "pJGP",
        "CMD",
        "CM1",
        "C13",
        "C15",
        "C16",
        "CMA",
        "C17",
        "CM2",
        "C18"
      ],
      "rarity": "Common",
      "rulings": [
        {
          "date": "2011-09-22",
          "text": "The color identity of your commander is set before the game begins and doesn't change during the game, even your commander is in a hidden zone (like the hand or library) or an effect changes your commander's color."
        },
        {
          "date": "2011-09-22",
          "text": "If your commander is a card like Kozilek, Butcher of Truth that has no colors in its color identity, Command Tower's ability produces no mana."
        },
        {
          "date": "2011-09-22",
          "text": "In formats other than Commander, Command Tower's ability produces no mana."
        }
      ],
      "text": "{T}: Add one mana of any color in your commander's color identity.",
      "type": "Land",
      "types": [
        "Land"
      ]
    },
    {
      "artist": "Mathias Kollros",
      "cmc": 8,
      "colorIdentity": [
        "B"
      ],
      "colors": [
        "Black"
      ],
      "id": "0a2d01f44f11806b2077b25974dcc7f953d202bb",
      "imageName": "decree of pain",
      "layout": "normal",
      "legalities": [
        {
          "format": "Commander",
          "legality": "Legal"
        },
        {
          "format": "Legacy",
          "legality": "Legal"
        },
        {
          "format": "Vintage",
          "legality": "Legal"
        }
      ],
      "manaCost": "{6}{B}{B}",
      "multiverseid": 338453,
      "name": "Decree of Pain",
      "number": "3",
      "originalText": "Destroy all creatures. They can't be regenerated. Draw a card for each creature destroyed this way.\nCycling {3}{B}{B} ({3}{B}{B}, Discard this card: Draw a card.)\nWhen you cycle Decree of Pain, all creatures get -2/-2 until end of turn.",
      "originalType": "Sorcery",
      "printings": [
        "SCG",
        "CM1",
        "C13",
        "C17"
      ],
      "rarity": "Rare",
      "rulings": [
        {
          "date": "2008-10-01",
          "text": "Cycling is an activated ability. Effects that interact with activated abilities (such as Stifle or Rings of Brighthearth) will interact with cycling. Effects that interact with spells (such as Remove Soul or Faerie Tauntings) will not."
        },
        {
          "date": "2008-10-01",
          "text": "When you cycle this card, first the cycling ability goes on the stack, then the triggered ability goes on the stack on top of it. The triggered ability will resolve before you draw a card from the cycling ability."
        },
        {
          "date": "2008-10-01",
          "text": "The cycling ability and the triggered ability are separate. If the triggered ability doesn't resolve (due to being countered with Stifle, for example, or if all its targets have become illegal), the cycling ability will still resolve and you'll draw a card."
        }
      ],
      "text": "Destroy all creatures. They can't be regenerated. Draw a card for each creature destroyed this way.\nCycling {3}{B}{B} ({3}{B}{B}, Discard this card: Draw a card.)\nWhen you cycle Decree of Pain, all creatures get -2/-2 until end of turn.",
      "type": "Sorcery",
      "types": [
        "Sorcery"
      ]
    },
    {
      "artist": "Richard Kane Ferguson",
      "cmc": 5,
      "colorIdentity": [
        "U"
      ],
      "colors": [
        "Blue"
      ],
      "flavor": "First the insult, then the injury.",
      "id": "fdd3dfe9f659508d12b676a7f312255811528458",
      "imageName": "desertion",
      "layout": "normal",
      "legalities": [
        {
          "format": "Commander",
          "legality": "Legal"
        },
        {
          "format": "Legacy",
          "legality": "Legal"
        },
        {
          "format": "Vintage",
          "legality": "Legal"
        }
      ],
      "manaCost": "{3}{U}{U}",
      "multiverseid": 338454,
      "name": "Desertion",
      "number": "4",
      "originalText": "Counter target spell. If an artifact or creature spell is countered this way, put that card onto the battlefield under your control instead of into its owner's graveyard.",
      "originalType": "Instant",
      "printings": [
        "VIS",
        "6ED",
        "CM1",
        "CN2"
      ],
      "rarity": "Rare",
      "rulings": [
        {
          "date": "2004-10-04",
          "text": "The card is put onto the battlefield, but any effects that check if the original card was \"cast from your hand\" will not trigger or otherwise consider the card to have been cast from your hand. The card was put onto the battlefield by the effect of Desertion instead."
        },
        {
          "date": "2004-10-04",
          "text": "This spell includes a replacement effect. If the target is an artifact or creature, it never goes to the graveyard."
        },
        {
          "date": "2004-10-04",
          "text": "If the spell is not countered (because the spell it targets can't be countered), then this card's ability does not put the card onto the battlefield. The spell continues to resolve as normal."
        }
      ],
      "text": "Counter target spell. If an artifact or creature spell is countered this way, put that card onto the battlefield under your control instead of into its owner's graveyard.",
      "type": "Instant",
      "types": [
        "Instant"
      ]
    },
    {
      "artist": "Miao Aili",
      "cmc": 4,
      "colorIdentity": [
        "R"
      ],
      "colors": [
        "Red"
      ],
      "id": "0f601ffba3d37635ed9ad2dbdefeebde45e8dccd",
      "imageName": "diaochan, artful beauty",
      "layout": "normal",
      "legalities": [
        {
          "format": "Commander",
          "legality": "Legal"
        },
        {
          "format": "Legacy",
          "legality": "Legal"
        },
        {
          "format": "Vintage",
          "legality": "Legal"
        }
      ],
      "manaCost": "{3}{R}",
      "multiverseid": 338449,
      "name": "Diaochan, Artful Beauty",
      "number": "5",
      "originalText": "{T}: Destroy target creature of your choice, then destroy target creature of an opponent's choice. Activate this ability only during your turn, before attackers are declared.",
      "originalType": "Legendary Creature — Human Advisor",
      "power": "1",
      "printings": [
        "PTK",
        "CM1"
      ],
      "rarity": "Rare",
      "rulings": [
        {
          "date": "2013-09-20",
          "text": "If a turn has multiple combat phases, the ability can only be activated before the beginning of the declare attackers step of the first combat phase in that turn."
        }
      ],
      "subtypes": [
        "Human",
        "Advisor"
      ],
      "supertypes": [
        "Legendary"
      ],
      "text": "{T}: Destroy target creature of your choice, then destroy target creature of an opponent's choice. Activate this ability only during your turn, before attackers are declared.",
      "toughness": "1",
      "type": "Legendary Creature — Human Advisor",
      "types": [
        "Creature"
      ]
    },
    {
      "artist": "Carl Critchlow",
      "cmc": 6,
      "colorIdentity": [
        "R",
        "G"
      ],
      "colors": [
        "Red",
        "Green"
      ],
      "flavor": "Swarms thrive in its nest, feeding on leathery bits of discarded wing.",
      "id": "0cdccbf886c3f92226cb84ede152c96504805de0",
      "imageName": "dragonlair spider",
      "layout": "normal",
      "legalities": [
        {
          "format": "Commander",
          "legality": "Legal"
        },
        {
          "format": "Legacy",
          "legality": "Legal"
        },
        {
          "format": "Vintage",
          "legality": "Legal"
        }
      ],
      "manaCost": "{2}{R}{R}{G}{G}",
      "multiverseid": 338446,
      "name": "Dragonlair Spider",
      "number": "6",
      "originalText": "Reach\nWhenever an opponent casts a spell, put a 1/1 green Insect creature token onto the battlefield.",
      "originalType": "Creature — Spider",
      "power": "5",
      "printings": [
        "PC2",
        "CM1",
        "CN2",
        "PCA"
      ],
      "rarity": "Rare",
      "rulings": [
        {
          "date": "2012-06-01",
          "text": "The triggered ability will resolve and the Insect will be created before the spell that caused it to trigger resolves."
        },
        {
          "date": "2012-06-01",
          "text": "The triggered ability won't be affected if the spell that caused it to trigger is countered."
        }
      ],
      "subtypes": [
        "Spider"
      ],
      "text": "Reach\nWhenever an opponent casts a spell, create a 1/1 green Insect creature token.",
      "toughness": "6",
      "type": "Creature — Spider",
      "types": [
        "Creature"
      ]
    },
    {
      "artist": "Marco Nelor",
      "cmc": 6,
      "id": "efd1254460c50e2a479582a1cd387eccc6c16dcc",
      "imageName": "duplicant",
      "layout": "normal",
      "legalities": [
        {
          "format": "Commander",
          "legality": "Legal"
        },
        {
          "format": "Legacy",
          "legality": "Legal"
        },
        {
          "format": "Modern",
          "legality": "Legal"
        },
        {
          "format": "Vintage",
          "legality": "Legal"
        }
      ],
      "manaCost": "{6}",
      "multiverseid": 338451,
      "name": "Duplicant",
      "number": "7",
      "originalText": "Imprint — When Duplicant enters the battlefield, you may exile target nontoken creature.\nAs long as the exiled card is a creature card, Duplicant has that card's power, toughness, and creature types. It's still a Shapeshifter.",
      "originalType": "Artifact Creature — Shapeshifter",
      "power": "2",
      "printings": [
        "MRD",
        "ARC",
        "CM1",
        "EMA",
        "MPS",
        "C18"
      ],
      "rarity": "Rare",
      "rulings": [
        {
          "date": "2016-06-08",
          "text": "If no creature card is imprinted on Duplicant, it has its normal power, toughness, and creature type."
        },
        {
          "date": "2016-06-08",
          "text": "Duplicant's base power and toughness change to the imprinted card's power and toughness. Counters and other effects that modify Duplicant's power and toughness still apply."
        },
        {
          "date": "2016-06-08",
          "text": "Abilities that define a creature's power and toughness apply while that card is in exile, but abilities that add or subtract from it don't. For example, the ability of Battle Squadron applies to determine Duplicant's power and toughness, but the ability of Werebear doesn't. Duplicant's power and toughness are constantly updated if the exiled card's power and/or toughness change."
        },
        {
          "date": "2016-06-08",
          "text": "Duplicant keeps all creature types it had when the card was imprinted, including any types that Duplicant had gained."
        },
        {
          "date": "2016-07-13",
          "text": "If a melded permanent is exiled by Duplicant's triggered ability, that ability's controller chooses the relative timestamp of the two meld cards. Duplicant looks at the information of the one with the later timestamp."
        }
      ],
      "subtypes": [
        "Shapeshifter"
      ],
      "text": "Imprint — When Duplicant enters the battlefield, you may exile target nontoken creature.\nAs long as a card exiled with Duplicant is a creature card, Duplicant has the power, toughness, and creature types of the last creature card exiled with Duplicant. It's still a Shapeshifter.",
      "toughness": "4",
      "type": "Artifact Creature — Shapeshifter",
      "types": [
        "Artifact",
        "Creature"
      ]
    },
    {
      "artist": "Volkan Baga",
      "cmc": 3,
      "colorIdentity": [
        "U",
        "G"
      ],
      "colors": [
        "Blue",
        "Green"
      ],
      "flavor": "\"I am not at liberty to reveal my sources, but I can assure you, the price on your head is high.\"",
      "id": "44b326a1525461da0b0da15656361764f12804b2",
      "imageName": "edric, spymaster of trest",
      "layout": "normal",
      "legalities": [
        {
          "format": "Commander",
          "legality": "Legal"
        },
        {
          "format": "Legacy",
          "legality": "Legal"
        },
        {
          "format": "Vintage",
          "legality": "Legal"
        }
      ],
      "manaCost": "{1}{G}{U}",
      "multiverseid": 338443,
      "name": "Edric, Spymaster of Trest",
      "number": "8",
      "originalText": "Whenever a creature deals combat damage to one of your opponents, its controller may draw a card.",
      "originalType": "Legendary Creature — Elf Rogue",
      "power": "2",
      "printings": [
        "CMD",
        "CM1",
        "CNS",
        "VMA",
        "C16"
      ],
      "rarity": "Rare",
      "rulings": [
        {
          "date": "2011-09-22",
          "text": "A creature controlled by an opponent that deals combat damage to another opponent will cause Edric's ability to trigger. The creature's controller chooses whether to draw a card."
        },
        {
          "date": "2011-09-22",
          "text": "When a creature you control deals combat damage to one of your opponents, you may draw a card."
        }
      ],
      "subtypes": [
        "Elf",
        "Rogue"
      ],
      "supertypes": [
        "Legendary"
      ],
      "text": "Whenever a creature deals combat damage to one of your opponents, its controller may draw a card.",
      "toughness": "2",
      "type": "Legendary Creature — Elf Rogue",
      "types": [
        "Creature"
      ]
    },
    {
      "artist": "Michael Komarck",
      "cmc": 4,
      "colorIdentity": [
        "W",
        "B",
        "R"
      ],
      "colors": [
        "White",
        "Black",
        "Red"
      ],
      "flavor": "\"I'll have my revenge if I have to call on every force from above and below.\"",
      "id": "5c502074bb38401c885f97111fc59f0533b2e145",
      "imageName": "kaalia of the vast",
      "layout": "normal",
      "legalities": [
        {
          "format": "Commander",
          "legality": "Legal"
        },
        {
          "format": "Legacy",
          "legality": "Legal"
        },
        {
          "format": "Vintage",
          "legality": "Legal"
        }
      ],
      "manaCost": "{1}{R}{W}{B}",
      "mciNumber": "180",
      "multiverseid": 338444,
      "name": "Kaalia of the Vast",
      "number": "9",
      "originalText": "Flying\nWhenever Kaalia of the Vast attacks an opponent, you may put an Angel, Demon, or Dragon creature card from your hand onto the battlefield tapped and attacking that opponent.",
      "originalType": "Legendary Creature — Human Cleric",
      "power": "2",
      "printings": [
        "CMD",
        "CM1",
        "CMA"
      ],
      "rarity": "Mythic Rare",
      "rulings": [
        {
          "date": "2011-09-22",
          "text": "Kaalia's ability doesn't trigger if it attacks a planeswalker."
        },
        {
          "date": "2011-09-22",
          "text": "The creature card is already tapped and attacking as it's put onto the battlefield. Any abilities that trigger when a creature becomes tapped or when a creature attacks won't trigger for that card."
        },
        {
          "date": "2011-09-22",
          "text": "If the opponent Kaalia attacked is no longer in the game when its ability resolves, you may put an Angel, Demon, or Dragon creature card onto the battlefield tapped, but it won't be attacking anyone and it won't be an attacking creature."
        }
      ],
      "subtypes": [
        "Human",
        "Cleric"
      ],
      "supertypes": [
        "Legendary"
      ],
      "text": "Flying\nWhenever Kaalia of the Vast attacks an opponent, you may put an Angel, Demon, or Dragon creature card from your hand onto the battlefield tapped and attacking that opponent.",
      "toughness": "2",
      "type": "Legendary Creature — Human Cleric",
      "types": [
        "Creature"
      ]
    },
    {
      "artist": "Solomon Au Yeung",
      "cmc": 3,
      "colorIdentity": [
        "W"
      ],
      "colors": [
        "White"
      ],
      "id": "8b2f340a58da06fdcca64a7388a782a98ac4ca1f",
      "imageName": "loyal retainers",
      "layout": "normal",
      "legalities": [
        {
          "format": "Commander",
          "legality": "Legal"
        },
        {
          "format": "Legacy",
          "legality": "Legal"
        },
        {
          "format": "Vintage",
          "legality": "Legal"
        }
      ],
      "manaCost": "{2}{W}",
      "multiverseid": 338450,
      "name": "Loyal Retainers",
      "number": "10",
      "originalText": "Sacrifice Loyal Retainers: Return target legendary creature card from your graveyard to the battlefield. Activate this ability only during your turn, before attackers are declared.",
      "originalType": "Creature — Human Advisor",
      "power": "1",
      "printings": [
        "PTK",
        "ME3",
        "CM1",
        "MPS_AKH"
      ],
      "rarity": "Uncommon",
      "rulings": [
        {
          "date": "2013-09-20",
          "text": "If a turn has multiple combat phases, the ability can only be activated before the beginning of the declare attackers step of the first combat phase in that turn."
        }
      ],
      "subtypes": [
        "Human",
        "Advisor"
      ],
      "text": "Sacrifice Loyal Retainers: Return target legendary creature card from your graveyard to the battlefield. Activate this ability only during your turn, before attackers are declared.",
      "toughness": "1",
      "type": "Creature — Human Advisor",
      "types": [
        "Creature"
      ]
    },
    {
      "artist": "Thomas M. Baxa",
      "cmc": 8,
      "colorIdentity": [
        "U",
        "R",
        "G"
      ],
      "colors": [
        "Blue",
        "Red",
        "Green"
      ],
      "id": "8aa5299c043566ab8be5101014390feaf94f8350",
      "imageName": "maelstrom wanderer",
      "layout": "normal",
      "legalities": [
        {
          "format": "Commander",
          "legality": "Legal"
        },
        {
          "format": "Legacy",
          "legality": "Legal"
        },
        {
          "format": "Vintage",
          "legality": "Legal"
        }
      ],
      "manaCost": "{5}{G}{U}{R}",
      "multiverseid": 338447,
      "name": "Maelstrom Wanderer",
      "number": "11",
      "originalText": "Creatures you control have haste.\nCascade, cascade (When you cast this spell, exile cards from the top of your library until you exile a nonland card that costs less. You may cast it without paying its mana cost. Put the exiled cards on the bottom in a random order. Then do it again.)",
      "originalType": "Legendary Creature — Elemental",
      "power": "7",
      "printings": [
        "PC2",
        "CM1",
        "EMA",
        "PCA"
      ],
      "rarity": "Mythic Rare",
      "rulings": [
        {
          "date": "2016-06-08",
          "text": "Maelstrom Wanderer gives itself haste."
        },
        {
          "date": "2016-06-08",
          "text": "Each instance of cascade triggers and resolves separately. The spell you cast due to the first cascade ability will go on the stack on top of the second cascade ability. That spell will resolve before you exile cards for the second cascade ability."
        },
        {
          "date": "2016-06-08",
          "text": "No matter what spell you cast with the first cascade trigger (or with any cascade triggers that result from casting that spell), the second cascade trigger will look for a spell with converted mana cost less than Maelstrom Wanderer's converted mana cost of 8."
        }
      ],
      "subtypes": [
        "Elemental"
      ],
      "supertypes": [
        "Legendary"
      ],
      "text": "Creatures you control have haste.\nCascade, cascade (When you cast this spell, exile cards from the top of your library until you exile a nonland card that costs less. You may cast it without paying its mana cost. Put the exiled cards on the bottom of your library in a random order. Then do it again.)",
      "toughness": "5",
      "type": "Legendary Creature — Elemental",
      "types": [
        "Creature"
      ]
    },
    {
      "artist": "Svetlin Velinov",
      "cmc": 5,
      "colorIdentity": [
        "U",
        "B",
        "G"
      ],
      "colors": [
        "Blue",
        "Black",
        "Green"
      ],
      "id": "451100b4a92d944d3cbbd6bd51387b9a599fd32c",
      "imageName": "the mimeoplasm",
      "layout": "normal",
      "legalities": [
        {
          "format": "Commander",
          "legality": "Legal"
        },
        {
          "format": "Legacy",
          "legality": "Legal"
        },
        {
          "format": "Vintage",
          "legality": "Legal"
        }
      ],
      "manaCost": "{2}{B}{G}{U}",
      "multiverseid": 338445,
      "name": "The Mimeoplasm",
      "number": "12",
      "originalText": "As The Mimeoplasm enters the battlefield, you may exile two creature cards from graveyards. If you do, it enters the battlefield as a copy of one of those cards with a number of additional +1/+1 counters on it equal to the power of the other card.",
      "originalType": "Legendary Creature — Ooze",
      "power": "0",
      "printings": [
        "CMD",
        "CM1",
        "CM2"
      ],
      "rarity": "Mythic Rare",
      "rulings": [
        {
          "date": "2011-09-22",
          "text": "You can't choose to exile just one creature card."
        },
        {
          "date": "2011-09-22",
          "text": "The two creature cards may come from the same graveyard or different graveyards."
        },
        {
          "date": "2011-09-22",
          "text": "You choose which one The Mimeoplasm is copying and which one determines how many +1/+1 counters are placed on The Mimeoplasm as The Mimeoplasm enters the battlefield."
        },
        {
          "date": "2011-09-22",
          "text": "Treat The Mimeoplasm as though it were the creature card it's copying entering the battlefield. Any \"As [this card] enters the battlefield,\" \"[This card] enters the battlefield with,\" and \"When [this card] enters the battlefield\" abilities of that creature card will work."
        },
        {
          "date": "2011-09-22",
          "text": "Specifically, if The Mimeoplasm enters the battlefield as a copy of a creature card that enters the battlefield with a number of +1/+1 counters, The Mimeoplasm will enter the battlefield with those +1/+1 counters and +1/+1 counters equal to the power of the other exiled card."
        }
      ],
      "subtypes": [
        "Ooze"
      ],
      "supertypes": [
        "Legendary"
      ],
      "text": "As The Mimeoplasm enters the battlefield, you may exile two creature cards from graveyards. If you do, it enters the battlefield as a copy of one of those cards with a number of additional +1/+1 counters on it equal to the power of the other card.",
      "toughness": "0",
      "type": "Legendary Creature — Ooze",
      "types": [
        "Creature"
      ]
    },
    {
      "artist": "Karl Kopinski",
      "cmc": 5,
      "flavor": "\"Ideas drift like petals on the wind. I have only to lift my face to the breeze.\"",
      "id": "ac0689c2e9828d1fb1aed6f1446f53aa358eb64f",
      "imageName": "mind's eye",
      "layout": "normal",
      "legalities": [
        {
          "format": "Commander",
          "legality": "Legal"
        },
        {
          "format": "Legacy",
          "legality": "Legal"
        },
        {
          "format": "Modern",
          "legality": "Legal"
        },
        {
          "format": "Vintage",
          "legality": "Legal"
        }
      ],
      "manaCost": "{5}",
      "multiverseid": 338452,
      "name": "Mind's Eye",
      "number": "13",
      "originalText": "Whenever an opponent draws a card, you may pay {1}. If you do, draw a card.",
      "originalType": "Artifact",
      "printings": [
        "MRD",
        "CM1",
        "MPS",
        "BBD"
      ],
      "rarity": "Rare",
      "text": "Whenever an opponent draws a card, you may pay {1}. If you do, draw a card.",
      "type": "Artifact",
      "types": [
        "Artifact"
      ]
    },
    {
      "artist": "Volkan Baga",
      "cmc": 5,
      "colorIdentity": [
        "W",
        "G"
      ],
      "colors": [
        "White",
        "Green"
      ],
      "flavor": "Even after a false god tore the magic from Dominaria, power still radiated from the Mirari sword that slew her.",
      "id": "55b6611f0160baff3c7ecdd25b1bfda24c5e73e7",
      "imageName": "mirari's wake",
      "layout": "normal",
      "legalities": [
        {
          "format": "Commander",
          "legality": "Legal"
        },
        {
          "format": "Legacy",
          "legality": "Legal"
        },
        {
          "format": "Vintage",
          "legality": "Legal"
        }
      ],
      "manaCost": "{3}{G}{W}",
      "multiverseid": 338455,
      "name": "Mirari's Wake",
      "number": "14",
      "originalText": "Creatures you control get +1/+1.\nWhenever you tap a land for mana, add one mana to your mana pool of any type that land produced.",
      "originalType": "Enchantment",
      "printings": [
        "JUD",
        "pPRO",
        "CM1",
        "CNS",
        "C17"
      ],
      "rarity": "Rare",
      "text": "Creatures you control get +1/+1.\nWhenever you tap a land for mana, add one mana of any type that land produced.",
      "type": "Enchantment",
      "types": [
        "Enchantment"
      ]
    },
    {
      "artist": "Terese Nielsen",
      "cmc": 3,
      "colorIdentity": [
        "U"
      ],
      "colors": [
        "Blue"
      ],
      "flavor": "Friends teach what you want to know. Enemies teach what you need to know.",
      "id": "581efc1e5608ed5077b9b8c3000ad3b2ab052df0",
      "imageName": "rhystic study",
      "layout": "normal",
      "legalities": [
        {
          "format": "Commander",
          "legality": "Legal"
        },
        {
          "format": "Legacy",
          "legality": "Legal"
        },
        {
          "format": "Vintage",
          "legality": "Legal"
        }
      ],
      "manaCost": "{2}{U}",
      "multiverseid": 338457,
      "name": "Rhystic Study",
      "number": "15",
      "originalText": "Whenever an opponent casts a spell, you may draw a card unless that player pays {1}.",
      "originalType": "Enchantment",
      "printings": [
        "PCY",
        "CM1"
      ],
      "rarity": "Common",
      "rulings": [
        {
          "date": "2004-10-04",
          "text": "The player gets the option to pay when this triggered ability resolves. This will be after the spell is announced, but before it resolves."
        },
        {
          "date": "2004-10-04",
          "text": "You don't have to decide whether or not you are drawing until after the player decides whether or not to pay."
        }
      ],
      "text": "Whenever an opponent casts a spell, you may draw a card unless that player pays {1}.",
      "type": "Enchantment",
      "types": [
        "Enchantment"
      ]
    },
    {
      "artist": "Heather Hudson",
      "cmc": 2,
      "id": "33e285b1559e81e033247ab71090ad36a27cd1c7",
      "imageName": "scroll rack",
      "layout": "normal",
      "legalities": [
        {
          "format": "Commander",
          "legality": "Legal"
        },
        {
          "format": "Legacy",
          "legality": "Legal"
        },
        {
          "format": "Vintage",
          "legality": "Legal"
        }
      ],
      "manaCost": "{2}",
      "multiverseid": 338458,
      "name": "Scroll Rack",
      "number": "16",
      "originalText": "{1}, {T}: Exile any number of cards from your hand face down. Put that many cards from the top of your library into your hand. Then look at the exiled cards and put them on top of your library in any order.",
      "originalType": "Artifact",
      "printings": [
        "TMP",
        "CM1",
        "MPS"
      ],
      "rarity": "Rare",
      "rulings": [
        {
          "date": "2004-10-04",
          "text": "If there are not enough cards in the library, you do not lose. This is not a draw effect. You just get as many cards as are there, even if there are zero cards in the library."
        }
      ],
      "text": "{1}, {T}: Exile any number of cards from your hand face down. Put that many cards from the top of your library into your hand. Then look at the exiled cards and put them on top of your library in any order.",
      "type": "Artifact",
      "types": [
        "Artifact"
      ]
    },
    {
      "artist": "Yeong-Hao Han",
      "cmc": 2,
      "colorIdentity": [
        "G"
      ],
      "colors": [
        "Green"
      ],
      "id": "b9901ec7a1bbab53b3dad60cf08bdec239e574ea",
      "imageName": "sylvan library",
      "layout": "normal",
      "legalities": [
        {
          "format": "Commander",
          "legality": "Legal"
        },
        {
          "format": "Legacy",
          "legality": "Legal"
        },
        {
          "format": "Vintage",
          "legality": "Legal"
        }
      ],
      "manaCost": "{1}{G}",
      "multiverseid": 338456,
      "name": "Sylvan Library",
      "number": "17",
      "originalText": "At the beginning of your draw step, you may draw two additional cards. If you do, choose two cards in your hand drawn this turn. For each of those cards, pay 4 life or put the card on top of your library.",
      "originalType": "Enchantment",
      "printings": [
        "LEG",
        "4ED",
        "5ED",
        "MED",
        "CM1",
        "VMA",
        "EMA"
      ],
      "rarity": "Rare",
      "rulings": [
        {
          "date": "2016-06-08",
          "text": "You always perform your normal draw before this ability. The normal draw occurs before anything can be placed on the stack during a player's draw step."
        },
        {
          "date": "2016-06-08",
          "text": "If you control other triggered abilities that allow you to draw cards during your draw step, you can choose to order Sylvan Library's ability before or after those abilities. Triggered abilities controlled by other players will resolve before triggered abilities you control."
        },
        {
          "date": "2016-06-08",
          "text": "Any cards drawn prior to Sylvan Library's ability resolving, including in your upkeep or in response to Sylvan Library's triggered ability, can be chosen to be put back using this effect. Sylvan Library's controller is responsible for keeping these cards distinguishable in hand, such as by keeping them separate from cards that began the turn in hand."
        },
        {
          "date": "2016-06-08",
          "text": "If you control more than one Sylvan Library, the triggered ability of each will resolve in sequence. You don't get to draw all the cards at once and then put them all back at once."
        },
        {
          "date": "2016-06-08",
          "text": "You can put back zero, one, or two cards."
        },
        {
          "date": "2016-06-08",
          "text": "If you choose to draw two cards, then replace one or more of those draws with some other effect, the rest of Sylvan Library's ability still happens. If you've actually drawn only one card that turn, you must choose that card and either pay 4 life or put it on top of your library. If you haven't actually drawn any cards that turn, the rest of the ability has no effect."
        },
        {
          "date": "2016-06-08",
          "text": "It's not possible to take any actions between drawing the cards and choosing two cards. You can't cast the cards you drew to avoid having two cards to choose."
        }
      ],
      "text": "At the beginning of your draw step, you may draw two additional cards. If you do, choose two cards in your hand drawn this turn. For each of those cards, pay 4 life or put the card on top of your library.",
      "type": "Enchantment",
      "types": [
        "Enchantment"
      ]
    },
    {
      "artist": "Allen Williams",
      "cmc": 6,
      "colorIdentity": [
        "U",
        "B"
      ],
      "colors": [
        "Blue",
        "Black"
      ],
      "flavor": "Vela snuffs out every trace of Krond's reign, leaving pure nightfall in her wake.",
      "id": "6930db07d49d217aab12f95d8f080da8c013eb28",
      "imageName": "vela the night-clad",
      "layout": "normal",
      "legalities": [
        {
          "format": "Commander",
          "legality": "Legal"
        },
        {
          "format": "Legacy",
          "legality": "Legal"
        },
        {
          "format": "Vintage",
          "legality": "Legal"
        }
      ],
      "manaCost": "{4}{U}{B}",
      "multiverseid": 338448,
      "name": "Vela the Night-Clad",
      "number": "18",
      "originalText": "Intimidate\nOther creatures you control have intimidate.\nWhenever Vela the Night-Clad or another creature you control leaves the battlefield, each opponent loses 1 life.",
      "originalType": "Legendary Creature — Human Wizard",
      "power": "4",
      "printings": [
        "PC2",
        "CM1",
        "PCA",
        "C17"
      ],
      "rarity": "Mythic Rare",
      "rulings": [
        {
          "date": "2012-06-01",
          "text": "If Vela leaves the battlefield at the same time as other creatures you control, its ability will trigger for each of those creatures."
        }
      ],
      "subtypes": [
        "Human",
        "Wizard"
      ],
      "supertypes": [
        "Legendary"
      ],
      "text": "Intimidate (This creature can't be blocked except by artifact creatures and/or creatures that share a color with it.)\nOther creatures you control have intimidate.\nWhenever Vela the Night-Clad or another creature you control leaves the battlefield, each opponent loses 1 life.",
      "toughness": "4",
      "type": "Legendary Creature — Human Wizard",
      "types": [
        "Creature"
      ]
    }
  ]
}