{
  "name": "Magic 2015 Clash Pack",
  "code": "CP1",
  "isMCISet": true,
  "magicCardsInfoCode": "clash",
  "releaseDate": "2014-07-18",
  "border": "black",
  "type": "starter",
  "cards": [
    {
      "artist": "Jesper Ejsing",
      "cmc": 5,
      "colorIdentity": [
        "U"
      ],
      "colors": [
        "Blue"
      ],
      "foreignNames": [
        {
          "language": "Chinese Simplified",
          "name": "先知史芬斯"
        },
        {
          "language": "Chinese Traditional",
          "name": "先知史芬斯"
        },
        {
          "language": "French",
          "name": "Sphinx des auspices"
        },
        {
          "language": "German",
          "name": "Prophezeiende Sphinx"
        },
        {
          "language": "Italian",
          "name": "Sfinge Profetica"
        },
        {
          "language": "Japanese",
          "name": "予知するスフィンクス"
        },
        {
          "language": "Korean",
          "name": "선견지명 스핑크스"
        },
        {
          "language": "Portuguese (Brazil)",
          "name": "Esfinge Prognóstica"
        },
        {
          "language": "Russian",
          "name": "Сфинкс-Провидец"
        },
        {
          "language": "Spanish",
          "name": "Esfinge adivina"
        }
      ],
      "id": "11ff5bca85b8593fd318173d765198c3f70496f9",
      "imageName": "prognostic sphinx",
      "layout": "normal",
      "legalities": [
        {
          "format": "Commander",
          "legality": "Legal"
        },
        {
          "format": "Legacy",
          "legality": "Legal"
        },
        {
          "format": "Modern",
          "legality": "Legal"
        },
        {
          "format": "Theros Block",
          "legality": "Legal"
        },
        {
          "format": "Vintage",
          "legality": "Legal"
        }
      ],
      "manaCost": "{3}{U}{U}",
      "mciNumber": "1",
      "name": "Prognostic Sphinx",
      "number": "1",
      "power": "3",
      "printings": [
        "THS",
        "CP1",
        "E01"
      ],
      "rarity": "Special",
      "rulings": [
        {
          "date": "2013-09-15",
          "text": "You can activate Prognostic Sphinx's ability even if it's already tapped."
        },
        {
          "date": "2013-09-15",
          "text": "When you scry, you may put all the cards you look at back on top of your library, you may put all of those cards on the bottom of your library, or you may put some of those cards on top and the rest of them on the bottom."
        },
        {
          "date": "2013-09-15",
          "text": "You choose how to order cards returned to your library after scrying no matter where you put them."
        },
        {
          "date": "2013-09-15",
          "text": "You perform the actions stated on a card in sequence. For some spells and abilities, that means you'll scry last. For others, that means you'll scry and then perform other actions."
        },
        {
          "date": "2013-09-15",
          "text": "Scry appears on some spells and abilities with one or more targets. If all of the spell or ability's targets are illegal when it tries to resolve, it will be countered and none of its effects will happen. You won't scry."
        }
      ],
      "source": "Magic 2015",
      "subtypes": [
        "Sphinx"
      ],
      "text": "Flying\nDiscard a card: Prognostic Sphinx gains hexproof until end of turn. Tap it.\nWhenever Prognostic Sphinx attacks, scry 3. (Look at the top three cards of your library, then put any number of them on the bottom of your library and the rest on top in any order.)",
      "toughness": "5",
      "type": "Creature — Sphinx",
      "types": [
        "Creature"
      ]
    },
    {
      "artist": "Eric Deschamps",
      "cmc": 5,
      "colorIdentity": [
        "G"
      ],
      "colors": [
        "Green"
      ],
      "foreignNames": [
        {
          "language": "Chinese Simplified",
          "name": "命定干预"
        },
        {
          "language": "Chinese Traditional",
          "name": "命定干預"
        },
        {
          "language": "French",
          "name": "Intervention annoncée"
        },
        {
          "language": "German",
          "name": "Schicksalhaftes Eingreifen"
        },
        {
          "language": "Italian",
          "name": "Intervento Fatidico"
        },
        {
          "language": "Japanese",
          "name": "宿命的介入"
        },
        {
          "language": "Korean",
          "name": "운명적 개입"
        },
        {
          "language": "Portuguese (Brazil)",
          "name": "Intervenção Predestinada"
        },
        {
          "language": "Russian",
          "name": "Предначертанное Вмешательство"
        },
        {
          "language": "Spanish",
          "name": "Intervención nefasta"
        }
      ],
      "id": "6b865b19113a3588bf5085f53e04ec47037b74ee",
      "imageName": "fated intervention",
      "layout": "normal",
      "legalities": [
        {
          "format": "Commander",
          "legality": "Legal"
        },
        {
          "format": "Legacy",
          "legality": "Legal"
        },
        {
          "format": "Modern",
          "legality": "Legal"
        },
        {
          "format": "Theros Block",
          "legality": "Legal"
        },
        {
          "format": "Vintage",
          "legality": "Legal"
        }
      ],
      "manaCost": "{2}{G}{G}{G}",
      "mciNumber": "2",
      "name": "Fated Intervention",
      "number": "2",
      "printings": [
        "BNG",
        "CP1"
      ],
      "rarity": "Special",
      "rulings": [
        {
          "date": "2013-09-15",
          "text": "When you scry, you may put all the cards you look at back on top of your library, you may put all of those cards on the bottom of your library, or you may put some of those cards on top and the rest of them on the bottom."
        },
        {
          "date": "2013-09-15",
          "text": "You choose how to order cards returned to your library after scrying no matter where you put them."
        },
        {
          "date": "2013-09-15",
          "text": "You perform the actions stated on a card in sequence. For some spells and abilities, that means you'll scry last. For others, that means you'll scry and then perform other actions."
        },
        {
          "date": "2013-09-15",
          "text": "Scry appears on some spells and abilities with one or more targets. If all of the spell or ability's targets are illegal when it tries to resolve, it will be countered and none of its effects will happen. You won't scry."
        }
      ],
      "source": "Magic 2015",
      "text": "Create two 3/3 green Centaur enchantment creature tokens. If it's your turn, scry 2. (Look at the top two cards of your library, then put any number of them on the bottom of your library and the rest on top in any order.)",
      "type": "Instant",
      "types": [
        "Instant"
      ]
    },
    {
      "artist": "Jung Park",
      "cmc": 1,
      "colorIdentity": [
        "G"
      ],
      "colors": [
        "Green"
      ],
      "flavor": "Drink deep, and know the path to the heart of the wilds.",
      "foreignNames": [
        {
          "language": "Chinese Simplified",
          "name": "富饶洗礼池"
        },
        {
          "language": "Chinese Traditional",
          "name": "富饒洗禮池"
        },
        {
          "language": "French",
          "name": "Fontaine de fertilité"
        },
        {
          "language": "German",
          "name": "Quell der Fruchtbarkeit"
        },
        {
          "language": "Italian",
          "name": "Fonte della Fertilità"
        },
        {
          "language": "Japanese",
          "name": "豊穣の泉"
        },
        {
          "language": "Korean",
          "name": "풍요의 세례반"
        },
        {
          "language": "Portuguese (Brazil)",
          "name": "Fonte da Fertilidade"
        },
        {
          "language": "Russian",
          "name": "Источник Плодородия"
        },
        {
          "language": "Spanish",
          "name": "Fuente de la fertilidad"
        }
      ],
      "id": "b329ae81dcecc2c85b6393d3de900ab909b03ca6",
      "imageName": "font of fertility",
      "layout": "normal",
      "legalities": [
        {
          "format": "Commander",
          "legality": "Legal"
        },
        {
          "format": "Legacy",
          "legality": "Legal"
        },
        {
          "format": "Modern",
          "legality": "Legal"
        },
        {
          "format": "Theros Block",
          "legality": "Legal"
        },
        {
          "format": "Vintage",
          "legality": "Legal"
        }
      ],
      "manaCost": "{G}",
      "mciNumber": "3",
      "name": "Font of Fertility",
      "number": "3",
      "printings": [
        "JOU",
        "CP1"
      ],
      "rarity": "Special",
      "source": "Magic 2015",
      "text": "{1}{G}, Sacrifice Font of Fertility: Search your library for a basic land card, put it onto the battlefield tapped, then shuffle your library.",
      "type": "Enchantment",
      "types": [
        "Enchantment"
      ]
    },
    {
      "artist": "Vincent Proce",
      "cmc": 6,
      "colorIdentity": [
        "G"
      ],
      "colors": [
        "Green"
      ],
      "foreignNames": [
        {
          "language": "Chinese Simplified",
          "name": "护卵多头龙"
        },
        {
          "language": "Chinese Traditional",
          "name": "護卵多頭龍"
        },
        {
          "language": "French",
          "name": "Maître de couvée hydre"
        },
        {
          "language": "German",
          "name": "Hydra-Brutwächterin"
        },
        {
          "language": "Italian",
          "name": "Idra Protettrice della Covata"
        },
        {
          "language": "Japanese",
          "name": "ハイドラの繁殖主"
        },
        {
          "language": "Korean",
          "name": "번식하는 히드라"
        },
        {
          "language": "Portuguese (Brazil)",
          "name": "Hidra Criadeira"
        },
        {
          "language": "Russian",
          "name": "Гидра-Породительница"
        },
        {
          "language": "Spanish",
          "name": "Hidra ama de la progenie"
        }
      ],
      "id": "de93ba83d807f4c65811e052209aa6ec85237e48",
      "imageName": "hydra broodmaster",
      "layout": "normal",
      "legalities": [
        {
          "format": "Commander",
          "legality": "Legal"
        },
        {
          "format": "Legacy",
          "legality": "Legal"
        },
        {
          "format": "Modern",
          "legality": "Legal"
        },
        {
          "format": "Theros Block",
          "legality": "Legal"
        },
        {
          "format": "Vintage",
          "legality": "Legal"
        }
      ],
      "manaCost": "{4}{G}{G}",
      "mciNumber": "4",
      "name": "Hydra Broodmaster",
      "number": "4",
      "power": "7",
      "printings": [
        "JOU",
        "CP1"
      ],
      "rarity": "Special",
      "rulings": [
        {
          "date": "2014-04-26",
          "text": "The value of each X in Hydra Broodmaster's last ability is equal to the value chosen for X when its monstrosity ability was activated."
        },
        {
          "date": "2014-04-26",
          "text": "Once a creature becomes monstrous, it can't become monstrous again. If the creature is already monstrous when the monstrosity ability resolves, nothing happens."
        },
        {
          "date": "2014-04-26",
          "text": "Monstrous isn't an ability that a creature has. It's just something true about that creature. If the creature stops being a creature or loses its abilities, it will continue to be monstrous."
        },
        {
          "date": "2014-04-26",
          "text": "An ability that triggers when a creature becomes monstrous won't trigger if that creature isn't on the battlefield when its monstrosity ability resolves."
        }
      ],
      "source": "Magic 2015",
      "subtypes": [
        "Hydra"
      ],
      "text": "{X}{X}{G}: Monstrosity X. (If this creature isn't monstrous, put X +1/+1 counters on it and it becomes monstrous.)\nWhen Hydra Broodmaster becomes monstrous, create X X/X green Hydra creature tokens.",
      "toughness": "7",
      "type": "Creature — Hydra",
      "types": [
        "Creature"
      ]
    },
    {
      "artist": "Anastasia Ovchinnikova",
      "cmc": 5,
      "colorIdentity": [
        "U",
        "G"
      ],
      "colors": [
        "Blue",
        "Green"
      ],
      "flavor": "\"Time is fluid as a dance, and truth as fleeting.\"",
      "foreignNames": [
        {
          "language": "Chinese Simplified",
          "name": "克鲁菲斯的先知"
        },
        {
          "language": "Chinese Traditional",
          "name": "克魯菲斯的先知"
        },
        {
          "language": "French",
          "name": "Prophétesse de Kruphix"
        },
        {
          "language": "German",
          "name": "Prophetin des Kruphix"
        },
        {
          "language": "Italian",
          "name": "Profetessa di Krufix"
        },
        {
          "language": "Japanese",
          "name": "クルフィックスの預言者"
        },
        {
          "language": "Korean",
          "name": "크루픽스의 예언자"
        },
        {
          "language": "Portuguese (Brazil)",
          "name": "Profeta de Crufix"
        },
        {
          "language": "Russian",
          "name": "Прорицательница Круфикса"
        },
        {
          "language": "Spanish",
          "name": "Profeta de Krufix"
        }
      ],
      "id": "92fbb08d48cccaf7951c38726adb993c7ae22d9b",
      "imageName": "prophet of kruphix",
      "layout": "normal",
      "legalities": [
        {
          "format": "Commander",
          "legality": "Banned"
        },
        {
          "format": "Legacy",
          "legality": "Legal"
        },
        {
          "format": "Modern",
          "legality": "Legal"
        },
        {
          "format": "Theros Block",
          "legality": "Legal"
        },
        {
          "format": "Vintage",
          "legality": "Legal"
        }
      ],
      "manaCost": "{3}{G}{U}",
      "mciNumber": "5",
      "name": "Prophet of Kruphix",
      "number": "5",
      "power": "2",
      "printings": [
        "THS",
        "CP1"
      ],
      "rarity": "Special",
      "rulings": [
        {
          "date": "2013-09-15",
          "text": "Creatures and lands you control untap at the same time as the active player's permanents. You can't choose to not untap them at that time."
        },
        {
          "date": "2013-09-15",
          "text": "Effects that state a creature or land you control doesn't untap during your untap step won't apply during another player's untap step."
        },
        {
          "date": "2013-09-15",
          "text": "Controlling more than one Prophet of Kruphix doesn't allow you to untap any creature or land more than once during a single untap step."
        },
        {
          "date": "2013-09-15",
          "text": "If you're casting a creature spell with bestow, whether or not it has flash will depend on if you're casting it as a creature or as an Aura. Prophet of Kruphix won't give flash to a spell with bestow you're casting as an Aura."
        },
        {
          "date": "2013-09-15",
          "text": "The last ability applies to creature cards in any zone, provided something is allowing you to cast them. For example, if you control a Zombie, you could cast Gravecrawler (a creature with \"You may cast Gravecrawler from your graveyard as long as you control a Zombie\") from your graveyard as though it had flash."
        }
      ],
      "source": "Magic 2015",
      "subtypes": [
        "Human",
        "Wizard"
      ],
      "text": "Untap all creatures and lands you control during each other player's untap step.\nYou may cast creature spells as though they had flash.",
      "toughness": "3",
      "type": "Creature — Human Wizard",
      "types": [
        "Creature"
      ]
    },
    {
      "artist": "Adam Paquette",
      "cmc": 0,
      "colorIdentity": [
        "G",
        "U"
      ],
      "foreignNames": [
        {
          "language": "Chinese Simplified",
          "name": "神秘殿堂"
        },
        {
          "language": "Chinese Traditional",
          "name": "神秘殿堂"
        },
        {
          "language": "French",
          "name": "Temple du mystère"
        },
        {
          "language": "German",
          "name": "Tempel der Geheimnisse"
        },
        {
          "language": "Italian",
          "name": "Tempio del Mistero"
        },
        {
          "language": "Japanese",
          "name": "神秘の神殿"
        },
        {
          "language": "Korean",
          "name": "신비의 신전"
        },
        {
          "language": "Portuguese (Brazil)",
          "name": "Templo do Mistério"
        },
        {
          "language": "Russian",
          "name": "Храм Таинств"
        },
        {
          "language": "Spanish",
          "name": "Templo del misterio"
        }
      ],
      "id": "6df84c68eb368285ee8dba17f550d26446a90eb9",
      "imageName": "temple of mystery",
      "layout": "normal",
      "legalities": [
        {
          "format": "Commander",
          "legality": "Legal"
        },
        {
          "format": "Legacy",
          "legality": "Legal"
        },
        {
          "format": "Modern",
          "legality": "Legal"
        },
        {
          "format": "Theros Block",
          "legality": "Legal"
        },
        {
          "format": "Vintage",
          "legality": "Legal"
        }
      ],
      "mciNumber": "6",
      "name": "Temple of Mystery",
      "number": "6",
      "printings": [
        "THS",
        "CP1"
      ],
      "rarity": "Special",
      "rulings": [
        {
          "date": "2013-09-15",
          "text": "When you scry, you may put all the cards you look at back on top of your library, you may put all of those cards on the bottom of your library, or you may put some of those cards on top and the rest of them on the bottom."
        },
        {
          "date": "2013-09-15",
          "text": "You choose how to order cards returned to your library after scrying no matter where you put them."
        },
        {
          "date": "2013-09-15",
          "text": "You perform the actions stated on a card in sequence. For some spells and abilities, that means you'll scry last. For others, that means you'll scry and then perform other actions."
        },
        {
          "date": "2013-09-15",
          "text": "Scry appears on some spells and abilities with one or more targets. If all of the spell or ability's targets are illegal when it tries to resolve, it will be countered and none of its effects will happen. You won't scry."
        }
      ],
      "source": "Magic 2015",
      "text": "Temple of Mystery enters the battlefield tapped.\nWhen Temple of Mystery enters the battlefield, scry 1. (Look at the top card of your library. You may put that card on the bottom of your library.)\n{T}: Add {G} or {U} to your mana pool.",
      "type": "Land",
      "types": [
        "Land"
      ]
    }
  ]
}