{
  "name": "Fate Reforged Clash Pack",
  "code": "CP2",
  "isMCISet": true,
  "magicCardsInfoCode": "clash",
  "releaseDate": "2015-01-23",
  "border": "black",
  "type": "starter",
  "cards": [
    {
      "artist": "Svetlin Velinov",
      "cmc": 9,
      "colorIdentity": [
        "B"
      ],
      "colors": [
        "Black"
      ],
      "foreignNames": [
        {
          "language": "Chinese Simplified",
          "name": "古陵寝邪鬼"
        },
        {
          "language": "Chinese Traditional",
          "name": "古陵寢邪鬼"
        },
        {
          "language": "French",
          "name": "Fielleux des nécropoles"
        },
        {
          "language": "German",
          "name": "Nekropolis-Unhold"
        },
        {
          "language": "Italian",
          "name": "Immondo della Necropoli"
        },
        {
          "language": "Japanese",
          "name": "死滅都市の悪鬼"
        },
        {
          "language": "Korean",
          "name": "네크로폴리스 마귀"
        },
        {
          "language": "Portuguese (Brazil)",
          "name": "Demônio da Necrópole"
        },
        {
          "language": "Russian",
          "name": "Демон Некрополя"
        },
        {
          "language": "Spanish",
          "name": "Demonio de la necrópolis"
        }
      ],
      "id": "53e7ab6426ac6ac6663bfa97bb8577e94ec66cb4",
      "imageName": "necropolis fiend",
      "layout": "normal",
      "legalities": [
        {
          "format": "Commander",
          "legality": "Legal"
        },
        {
          "format": "Khans of Tarkir Block",
          "legality": "Legal"
        },
        {
          "format": "Legacy",
          "legality": "Legal"
        },
        {
          "format": "Modern",
          "legality": "Legal"
        },
        {
          "format": "Vintage",
          "legality": "Legal"
        }
      ],
      "manaCost": "{7}{B}{B}",
      "mciNumber": "7",
      "name": "Necropolis Fiend",
      "number": "1",
      "power": "4",
      "printings": [
        "pPRE",
        "KTK",
        "CP2"
      ],
      "rarity": "Special",
      "rulings": [
        {
          "date": "2014-09-20",
          "text": "The rules for delve have changed slightly since it was last in an expansion. Previously, delve reduced the cost to cast a spell. Under the current rules, you exile cards from your graveyard at the same time you pay the spell's cost. Exiling a card this way is simply another way to pay that cost."
        },
        {
          "date": "2014-09-20",
          "text": "Delve doesn't change a spell's mana cost or converted mana cost. For example, Dead Drop's converted mana cost is 10 even if you exiled three cards to cast it."
        },
        {
          "date": "2014-09-20",
          "text": "You can't exile cards to pay for the colored mana requirements of a spell with delve."
        },
        {
          "date": "2014-09-20",
          "text": "You can't exile more cards than the generic mana requirement of a spell with delve. For example, you can't exile more than nine cards from your graveyard to cast Dead Drop."
        },
        {
          "date": "2014-09-20",
          "text": "Because delve isn't an alternative cost, it can be used in conjunction with alternative costs."
        }
      ],
      "source": "Fate Reforged",
      "subtypes": [
        "Demon"
      ],
      "text": "Delve (Each card you exile from your graveyard while casting this spell pays for {1}.)\nFlying\n{X}, {T}, Exile X cards from your graveyard: Target creature gets -X/-X until end of turn.",
      "toughness": "5",
      "type": "Creature — Demon",
      "types": [
        "Creature"
      ]
    },
    {
      "artist": "Johannes Voss",
      "cmc": 3,
      "colorIdentity": [
        "B"
      ],
      "colors": [
        "Black"
      ],
      "flavor": "Destiny exalts a chosen few, but even heroes break.",
      "foreignNames": [
        {
          "language": "Chinese Simplified",
          "name": "英雄殉身"
        },
        {
          "language": "Chinese Traditional",
          "name": "英雄殉身"
        },
        {
          "language": "French",
          "name": "Chute du héros"
        },
        {
          "language": "German",
          "name": "Des Helden Untergang"
        },
        {
          "language": "Italian",
          "name": "Caduta dell'Eroe"
        },
        {
          "language": "Japanese",
          "name": "英雄の破滅"
        },
        {
          "language": "Korean",
          "name": "영웅의 몰락"
        },
        {
          "language": "Portuguese (Brazil)",
          "name": "Queda do Herói"
        },
        {
          "language": "Russian",
          "name": "Падение Героя"
        },
        {
          "language": "Spanish",
          "name": "La caída del héroe"
        }
      ],
      "id": "b635e984b82e4db946e5bba6c99c8e26d0009d7d",
      "imageName": "hero's downfall",
      "layout": "normal",
      "legalities": [
        {
          "format": "Commander",
          "legality": "Legal"
        },
        {
          "format": "Legacy",
          "legality": "Legal"
        },
        {
          "format": "Modern",
          "legality": "Legal"
        },
        {
          "format": "Theros Block",
          "legality": "Legal"
        },
        {
          "format": "Vintage",
          "legality": "Legal"
        }
      ],
      "manaCost": "{1}{B}{B}",
      "mciNumber": "8",
      "name": "Hero's Downfall",
      "number": "2",
      "printings": [
        "THS",
        "CP2"
      ],
      "rarity": "Special",
      "source": "Fate Reforged",
      "text": "Destroy target creature or planeswalker.",
      "type": "Instant",
      "types": [
        "Instant"
      ]
    },
    {
      "artist": "Karl Kopinski",
      "cmc": 3,
      "colorIdentity": [
        "U",
        "B",
        "G"
      ],
      "colors": [
        "Blue",
        "Black",
        "Green"
      ],
      "foreignNames": [
        {
          "language": "Chinese Simplified",
          "name": "苏勒台霸权"
        },
        {
          "language": "Chinese Traditional",
          "name": "蘇勒台霸權"
        },
        {
          "language": "French",
          "name": "Ascendance sultaï"
        },
        {
          "language": "German",
          "name": "Vormacht der Sultai"
        },
        {
          "language": "Italian",
          "name": "Autorità Sultai"
        },
        {
          "language": "Japanese",
          "name": "スゥルタイの隆盛"
        },
        {
          "language": "Korean",
          "name": "술타이의 지배력"
        },
        {
          "language": "Portuguese (Brazil)",
          "name": "Ascendência Sultai"
        },
        {
          "language": "Russian",
          "name": "Возвышение Султая"
        },
        {
          "language": "Spanish",
          "name": "Supremacía sultai"
        }
      ],
      "id": "39e8a45a9fa49a198eeed4ddb312985d87c87cf5",
      "imageName": "sultai ascendacy",
      "layout": "normal",
      "legalities": [
        {
          "format": "Classic",
          "legality": "Legal"
        },
        {
          "format": "Commander",
          "legality": "Legal"
        },
        {
          "format": "Extended",
          "legality": "Legal"
        },
        {
          "format": "Legacy",
          "legality": "Legal"
        },
        {
          "format": "Modern",
          "legality": "Legal"
        },
        {
          "format": "Vintage",
          "legality": "Legal"
        }
      ],
      "manaCost": "{U}{B}{G}",
      "mciNumber": "9",
      "name": "Sultai Ascendacy",
      "number": "3",
      "printings": [
        "CP2"
      ],
      "rarity": "Special",
      "source": "Fate Reforged",
      "text": "At the beginning of your upkeep, look at the top two cards of your library. Put any number of them into your graveyard and the rest back on top of your library in any order.",
      "type": "Enchantment",
      "types": [
        "Enchantment"
      ]
    },
    {
      "artist": "Jeff Simpson",
      "cmc": 4,
      "colorIdentity": [
        "B",
        "G"
      ],
      "colors": [
        "Black",
        "Green"
      ],
      "foreignNames": [
        {
          "language": "Chinese Simplified",
          "name": "蛮荒夺命妖"
        },
        {
          "language": "Chinese Traditional",
          "name": "蠻荒奪命妖"
        },
        {
          "language": "French",
          "name": "Faucheuse des terres sauvages"
        },
        {
          "language": "German",
          "name": "Wilde Meuchlerin"
        },
        {
          "language": "Italian",
          "name": "Mietitrice delle Terre Selvagge"
        },
        {
          "language": "Japanese",
          "name": "荒野の収穫者"
        },
        {
          "language": "Korean",
          "name": "야생의 사신"
        },
        {
          "language": "Portuguese (Brazil)",
          "name": "Ceifador das Selvas"
        },
        {
          "language": "Russian",
          "name": "Жница Дебрей"
        },
        {
          "language": "Spanish",
          "name": "Segadora de lo salvaje"
        }
      ],
      "id": "079ee99a7ecb22374fec5933185714d6277620ce",
      "imageName": "reaper of the wilds",
      "layout": "normal",
      "legalities": [
        {
          "format": "Commander",
          "legality": "Legal"
        },
        {
          "format": "Legacy",
          "legality": "Legal"
        },
        {
          "format": "Modern",
          "legality": "Legal"
        },
        {
          "format": "Theros Block",
          "legality": "Legal"
        },
        {
          "format": "Vintage",
          "legality": "Legal"
        }
      ],
      "manaCost": "{2}{B}{G}",
      "mciNumber": "10",
      "name": "Reaper of the Wilds",
      "number": "4",
      "power": "4",
      "printings": [
        "THS",
        "DDM",
        "CP2"
      ],
      "rarity": "Special",
      "rulings": [
        {
          "date": "2013-09-15",
          "text": "Reaper of the Wilds's first ability triggers separately for each creature. For example, if five creatures die at the same time, you'll scry 1 five times. You won't scry 5."
        },
        {
          "date": "2013-09-15",
          "text": "If Reaper of the Wilds dies at the same time as another creature, its ability will trigger for that other creature."
        },
        {
          "date": "2013-09-15",
          "text": "When you scry, you may put all the cards you look at back on top of your library, you may put all of those cards on the bottom of your library, or you may put some of those cards on top and the rest of them on the bottom."
        },
        {
          "date": "2013-09-15",
          "text": "You choose how to order cards returned to your library after scrying no matter where you put them."
        },
        {
          "date": "2013-09-15",
          "text": "You perform the actions stated on a card in sequence. For some spells and abilities, that means you'll scry last. For others, that means you'll scry and then perform other actions."
        },
        {
          "date": "2013-09-15",
          "text": "Scry appears on some spells and abilities with one or more targets. If all of the spell or ability's targets are illegal when it tries to resolve, it will be countered and none of its effects will happen. You won't scry."
        }
      ],
      "source": "Fate Reforged",
      "subtypes": [
        "Gorgon"
      ],
      "text": "Whenever another creature dies, scry 1. (Look at the top card of your library. You may put that card on the bottom of your library.)\n{B}: Reaper of the Wilds gains deathtouch until end of turn.\n{1}{G}: Reaper of the Wilds gains hexproof until end of turn.",
      "toughness": "5",
      "type": "Creature — Gorgon",
      "types": [
        "Creature"
      ]
    },
    {
      "artist": "Marco Nelor",
      "cmc": 4,
      "colorIdentity": [
        "B"
      ],
      "colors": [
        "Black"
      ],
      "foreignNames": [
        {
          "language": "Chinese Simplified",
          "name": "厄睿柏斯的神鞭"
        },
        {
          "language": "Chinese Traditional",
          "name": "厄睿柏斯的神鞭"
        },
        {
          "language": "French",
          "name": "Fouet d'Érébos"
        },
        {
          "language": "German",
          "name": "Peitsche des Erebos"
        },
        {
          "language": "Italian",
          "name": "Frusta di Erebos"
        },
        {
          "language": "Japanese",
          "name": "エレボスの鞭"
        },
        {
          "language": "Korean",
          "name": "에레보스의 채찍"
        },
        {
          "language": "Portuguese (Brazil)",
          "name": "Chicote de Érebo"
        },
        {
          "language": "Russian",
          "name": "Кнут Эреба"
        },
        {
          "language": "Spanish",
          "name": "Látigo de Erebos"
        }
      ],
      "id": "72e24931faf9919bd50f896a119fd41742d78eb8",
      "imageName": "whip of erebos",
      "layout": "normal",
      "legalities": [
        {
          "format": "Commander",
          "legality": "Legal"
        },
        {
          "format": "Legacy",
          "legality": "Legal"
        },
        {
          "format": "Modern",
          "legality": "Legal"
        },
        {
          "format": "Theros Block",
          "legality": "Legal"
        },
        {
          "format": "Vintage",
          "legality": "Legal"
        }
      ],
      "manaCost": "{2}{B}{B}",
      "mciNumber": "11",
      "name": "Whip of Erebos",
      "number": "5",
      "printings": [
        "THS",
        "CP2"
      ],
      "rarity": "Special",
      "rulings": [
        {
          "date": "2013-09-15",
          "text": "At the beginning of the next end step, the creature returned to the battlefield with Whip of Erebos is exiled. This is a delayed triggered ability. If the ability is countered, the creature will stay on the battlefield and the delayed trigger won't trigger again. However, the replacement effect will still exile the creature when it eventually leaves the battlefield."
        },
        {
          "date": "2013-09-15",
          "text": "Whip of Erebos grants haste to the creature that's returned to the battlefield. However, neither of the \"exile\" abilities is granted to that creature. If that creature loses all its abilities, it will still be exiled at the beginning of the end step, and if it would leave the battlefield, it is still exiled instead."
        },
        {
          "date": "2013-09-15",
          "text": "If a creature returned to the battlefield with Whip of Erebos would leave the battlefield for any reason, it's exiled instead. However, if that creature is already being exiled, then the replacement effect won't apply. If the spell or ability that exiles it later returns it to the battlefield (as Chained to the Rocks might, for example), the creature card will return to the battlefield as a new object with no relation to its previous existence. The effects from Whip of Erebos will no longer apply to it."
        },
        {
          "date": "2013-09-15",
          "text": "The exiled creature is never put into the graveyard. Any abilities the creature has that trigger when it dies won't trigger."
        }
      ],
      "source": "Fate Reforged",
      "supertypes": [
        "Legendary"
      ],
      "text": "Creatures you control have lifelink.\n{2}{B}{B}, {T}: Return target creature card from your graveyard to the battlefield. It gains haste. Exile it at the beginning of the next end step. If it would leave the battlefield, exile it instead of putting it anywhere else. Activate this ability only any time you could cast a sorcery.",
      "type": "Legendary Enchantment Artifact",
      "types": [
        "Enchantment",
        "Artifact"
      ]
    },
    {
      "artist": "Slawomir Maniak",
      "cmc": 3,
      "colorIdentity": [
        "G"
      ],
      "colors": [
        "Green"
      ],
      "foreignNames": [
        {
          "language": "Chinese Simplified",
          "name": "克罗芬斯的骏马"
        },
        {
          "language": "Chinese Traditional",
          "name": "克羅芬斯的駿馬"
        },
        {
          "language": "French",
          "name": "Coursière de Kruphix"
        },
        {
          "language": "German",
          "name": "Rennerin des Kruphix"
        },
        {
          "language": "Italian",
          "name": "Corsiera di Krufix"
        },
        {
          "language": "Japanese",
          "name": "クルフィックスの狩猟者"
        },
        {
          "language": "Korean",
          "name": "크루픽스의 군마"
        },
        {
          "language": "Portuguese (Brazil)",
          "name": "Centaura-caçadora de Crufix"
        },
        {
          "language": "Russian",
          "name": "Резвая Бегунья Круфикса"
        },
        {
          "language": "Spanish",
          "name": "Cazadora de Krufix"
        }
      ],
      "id": "e2e7eaa12f566c5c1461b2b61dd249a6ab7eaee3",
      "imageName": "courser of kruphix",
      "layout": "normal",
      "legalities": [
        {
          "format": "Commander",
          "legality": "Legal"
        },
        {
          "format": "Legacy",
          "legality": "Legal"
        },
        {
          "format": "Modern",
          "legality": "Legal"
        },
        {
          "format": "Theros Block",
          "legality": "Legal"
        },
        {
          "format": "Vintage",
          "legality": "Legal"
        }
      ],
      "manaCost": "{1}{G}{G}",
      "mciNumber": "12",
      "name": "Courser of Kruphix",
      "number": "6",
      "power": "2",
      "printings": [
        "BNG",
        "CP2"
      ],
      "rarity": "Special",
      "rulings": [
        {
          "date": "2014-02-01",
          "text": "Courser of Kruphix doesn't change when you can play lands. You can do so only during your main phase when you have priority and the stack is empty."
        },
        {
          "date": "2014-02-01",
          "text": "Playing a land with the second ability counts as your land play for the turn. If you play a land from your hand during your turn, you won't be able to play an additional land from the top of your library unless another effect allows you to."
        },
        {
          "date": "2014-02-01",
          "text": "The last ability triggers whenever a land enters the battlefield under your control for any reason. It triggers whenever you play a land, as well as whenever a spell or ability (such as Rampant Growth) causes you to put a land onto the battlefield under your control. It will even trigger when a spell or ability causes another player to put a land onto the battlefield under your control (as can happen with Yavimaya Dryad's ability, for example)."
        },
        {
          "date": "2014-02-01",
          "text": "While playing with the top card of your library revealed, if you draw multiple cards, reveal each one before you draw it."
        }
      ],
      "source": "Fate Reforged",
      "subtypes": [
        "Centaur"
      ],
      "text": "Play with the top card of your library revealed.\nYou may play the top card of your library if it's a land card.\nWhenever a land enters the battlefield under your control, you gain 1 life.",
      "toughness": "4",
      "type": "Enchantment Creature — Centaur",
      "types": [
        "Enchantment",
        "Creature"
      ]
    }
  ]
}