{
  "name": "Magic Origins Clash Pack",
  "code": "CP3",
  "isMCISet": true,
  "magicCardsInfoCode": "mbp",
  "releaseDate": "2015-07-17",
  "border": "black",
  "type": "starter",
  "cards": [
    {
      "artist": "Magali Villeneuve",
      "cmc": 1,
      "colorIdentity": [
        "G"
      ],
      "colors": [
        "Green"
      ],
      "foreignNames": [
        {
          "language": "Chinese Simplified",
          "name": "荣耀大主教"
        },
        {
          "language": "Chinese Traditional",
          "name": "榮耀大主教"
        },
        {
          "language": "French",
          "name": "Hiérarche honoré"
        },
        {
          "language": "German",
          "name": "Verehrter Hierarch"
        },
        {
          "language": "Italian",
          "name": "Gerarca Venerato"
        },
        {
          "language": "Japanese",
          "name": "名誉ある教主"
        },
        {
          "language": "Korean",
          "name": "명예로운 대제사장"
        },
        {
          "language": "Portuguese (Brazil)",
          "name": "Hierarca Honrado"
        },
        {
          "language": "Russian",
          "name": "Почтенный Иерарх"
        },
        {
          "language": "Spanish",
          "name": "Jerarca venerado"
        }
      ],
      "id": "728c0ebc413301b8710df679db311c8c4c768893",
      "imageName": "honored hierarch",
      "layout": "normal",
      "legalities": [
        {
          "format": "Commander",
          "legality": "Legal"
        },
        {
          "format": "Legacy",
          "legality": "Legal"
        },
        {
          "format": "Modern",
          "legality": "Legal"
        },
        {
          "format": "Vintage",
          "legality": "Legal"
        }
      ],
      "manaCost": "{G}",
      "mciNumber": "129",
      "name": "Honored Hierarch",
      "number": "1",
      "power": "1",
      "printings": [
        "pPRE",
        "CP3",
        "ORI"
      ],
      "rarity": "Special",
      "rulings": [
        {
          "date": "2015-06-22",
          "text": "Renown won't trigger when a creature deals combat damage to a planeswalker or another creature. It also won't trigger when a creature deals noncombat damage to a player."
        },
        {
          "date": "2015-06-22",
          "text": "If a creature with renown deals combat damage to its controller because that damage was redirected, renown will trigger."
        },
        {
          "date": "2015-06-22",
          "text": "If a renown ability triggers, but the creature leaves the battlefield before that ability resolves, the creature doesn't become renowned. Any ability that triggers \"whenever a creature becomes renowned\" won't trigger."
        }
      ],
      "source": "Clash Pack Promo (Magic Origins)",
      "subtypes": [
        "Human",
        "Druid"
      ],
      "text": "Renown 1 (When this creature deals combat damage to a player, if it isn't renowned, put a +1/+1 counter on it and it becomes renowned.)\nAs long as Honored Hierarch is renowned, it has vigilance and \"{T}: Add one mana of any color to your mana pool.\"",
      "toughness": "1",
      "type": "Creature — Human Druid",
      "types": [
        "Creature"
      ]
    },
    {
      "artist": "Magali Villeneuve",
      "cmc": 2,
      "colorIdentity": [
        "W"
      ],
      "colors": [
        "White"
      ],
      "flavor": "\"I don't know where my destiny lies, but I know it isn't here.\"",
      "foreignNames": [
        {
          "language": "Chinese Simplified",
          "name": "灵道探求者"
        },
        {
          "language": "Chinese Traditional",
          "name": "靈道探求者"
        },
        {
          "language": "French",
          "name": "Chercheur de la Voie"
        },
        {
          "language": "German",
          "name": "Sucher des Weges"
        },
        {
          "language": "Italian",
          "name": "Cercatore della Via"
        },
        {
          "language": "Japanese",
          "name": "道の探求者"
        },
        {
          "language": "Korean",
          "name": "도를 추구하는 자"
        },
        {
          "language": "Portuguese (Brazil)",
          "name": "Buscador do Caminho"
        },
        {
          "language": "Russian",
          "name": "Искатель Пути"
        },
        {
          "language": "Spanish",
          "name": "Buscador de la sabiduría"
        }
      ],
      "id": "19ea634dbd7f6aaa8fbca48e2b314a23fb62cf7f",
      "imageName": "seeker of the way",
      "layout": "normal",
      "legalities": [
        {
          "format": "Commander",
          "legality": "Legal"
        },
        {
          "format": "Khans of Tarkir Block",
          "legality": "Legal"
        },
        {
          "format": "Legacy",
          "legality": "Legal"
        },
        {
          "format": "Modern",
          "legality": "Legal"
        },
        {
          "format": "Vintage",
          "legality": "Legal"
        }
      ],
      "manaCost": "{1}{W}",
      "mciNumber": "130",
      "name": "Seeker of the Way",
      "number": "2",
      "power": "2",
      "printings": [
        "KTK",
        "CP3",
        "IMA"
      ],
      "rarity": "Special",
      "rulings": [
        {
          "date": "2014-09-20",
          "text": "Any spell you cast that doesn't have the type creature will cause prowess to trigger. If a spell has multiple types, and one of those types is creature (such as an artifact creature), casting it won't cause prowess to trigger. Playing a land also won't cause prowess to trigger."
        },
        {
          "date": "2014-09-20",
          "text": "Prowess goes on the stack on top of the spell that caused it to trigger. It will resolve before that spell."
        },
        {
          "date": "2014-09-20",
          "text": "Once it triggers, prowess isn't connected to the spell that caused it to trigger. If that spell is countered, prowess will still resolve."
        },
        {
          "date": "2017-11-17",
          "text": "Multiple instances of lifelink on the same creature are redundant."
        }
      ],
      "source": "Clash Pack Promo (Magic Origins)",
      "subtypes": [
        "Human",
        "Warrior"
      ],
      "text": "Prowess (Whenever you cast a noncreature spell, this creature gets +1/+1 until end of turn.)\nWhenever you cast a noncreature spell, Seeker of the Way gains lifelink until end of turn.",
      "toughness": "2",
      "type": "Creature — Human Warrior",
      "types": [
        "Creature"
      ]
    },
    {
      "artist": "Victor Adame Minguez",
      "cmc": 2,
      "colorIdentity": [
        "W"
      ],
      "colors": [
        "White"
      ],
      "flavor": "\"Every choice alters the path of fate.\"\n—Sarkhan Vol",
      "foreignNames": [
        {
          "language": "Chinese Simplified",
          "name": "英勇以对"
        },
        {
          "language": "Chinese Traditional",
          "name": "英勇以對"
        },
        {
          "language": "French",
          "name": "Posture valeureuse"
        },
        {
          "language": "German",
          "name": "Tapfere Haltung"
        },
        {
          "language": "Italian",
          "name": "Posizione Valorosa"
        },
        {
          "language": "Japanese",
          "name": "勇敢な姿勢"
        },
        {
          "language": "Korean",
          "name": "대담한 태세"
        },
        {
          "language": "Portuguese (Brazil)",
          "name": "Postura Valente"
        },
        {
          "language": "Russian",
          "name": "Доблестная Стойка"
        },
        {
          "language": "Spanish",
          "name": "Postura valerosa"
        }
      ],
      "id": "483477195742678878820659c980402602150848",
      "imageName": "valorous stance",
      "layout": "normal",
      "legalities": [
        {
          "format": "Commander",
          "legality": "Legal"
        },
        {
          "format": "Khans of Tarkir Block",
          "legality": "Legal"
        },
        {
          "format": "Legacy",
          "legality": "Legal"
        },
        {
          "format": "Modern",
          "legality": "Legal"
        },
        {
          "format": "Vintage",
          "legality": "Legal"
        }
      ],
      "manaCost": "{1}{W}",
      "mciNumber": "131",
      "name": "Valorous Stance",
      "number": "3",
      "printings": [
        "FRF",
        "CP3"
      ],
      "rarity": "Special",
      "source": "Clash Pack Promo (Magic Origins)",
      "text": "Choose one —\n• Target creature gains indestructible until end of turn.\n• Destroy target creature with toughness 4 or greater.",
      "type": "Instant",
      "types": [
        "Instant"
      ]
    },
    {
      "artist": "Slawomir Maniak",
      "cmc": 5,
      "colorIdentity": [
        "W",
        "G"
      ],
      "colors": [
        "White",
        "Green"
      ],
      "flavor": "\"The bane of countless shattered weapons, each a failure to slay her.\"\n—Daghatar the Adamant",
      "foreignNames": [
        {
          "language": "Chinese Simplified",
          "name": "永生龙王卓茉卡"
        },
        {
          "language": "Chinese Traditional",
          "name": "永生龍王卓茉卡"
        },
        {
          "language": "French",
          "name": "Dromoka l'éternelle"
        },
        {
          "language": "German",
          "name": "Dromoka die Ewige"
        },
        {
          "language": "Italian",
          "name": "Dromoka, l'Eterna"
        },
        {
          "language": "Japanese",
          "name": "永遠のドロモカ"
        },
        {
          "language": "Korean",
          "name": "불멸의 드로모카"
        },
        {
          "language": "Portuguese (Brazil)",
          "name": "Dromoka, a Eterna"
        },
        {
          "language": "Russian",
          "name": "Дромока, Извечная"
        },
        {
          "language": "Spanish",
          "name": "Drómoka, la Eterna"
        }
      ],
      "id": "24fd5c20d95900d06c4eee69ed08e8a7d5640a9d",
      "imageName": "dromoka, the eternal",
      "layout": "normal",
      "legalities": [
        {
          "format": "Commander",
          "legality": "Legal"
        },
        {
          "format": "Khans of Tarkir Block",
          "legality": "Legal"
        },
        {
          "format": "Legacy",
          "legality": "Legal"
        },
        {
          "format": "Modern",
          "legality": "Legal"
        },
        {
          "format": "Vintage",
          "legality": "Legal"
        }
      ],
      "manaCost": "{3}{G}{W}",
      "mciNumber": "132",
      "name": "Dromoka, the Eternal",
      "number": "4",
      "power": "5",
      "printings": [
        "pPRE",
        "FRF",
        "CP3",
        "C17"
      ],
      "rarity": "Special",
      "rulings": [
        {
          "date": "2014-11-24",
          "text": "Each Dragon you attack with will cause Dromoka's triggered ability to trigger. For each instance of the ability, you'll determine which creature to put +1/+1 counters on as it resolves. Specifically, the creature you control with the lowest toughness as the first such ability resolves may not have the lowest toughness as the second such ability resolves."
        },
        {
          "date": "2014-11-24",
          "text": "Bolster itself doesn't target any creature, though some spells and abilities that bolster may have other effects that target creatures. For example, you could put counters on a creature with protection from white with Abzan Skycaptain's bolster ability."
        },
        {
          "date": "2014-11-24",
          "text": "You determine which creature to put counters on as the spell or ability that instructs you to bolster resolves."
        }
      ],
      "source": "Clash Pack Promo (Magic Origins)",
      "subtypes": [
        "Dragon"
      ],
      "supertypes": [
        "Legendary"
      ],
      "text": "Flying\nWhenever a Dragon you control attacks, bolster 2. (Choose a creature with the least toughness among creatures you control and put two +1/+1 counters on it.)",
      "toughness": "5",
      "type": "Legendary Creature — Dragon",
      "types": [
        "Creature"
      ]
    },
    {
      "artist": "Kev Walker",
      "cmc": 4,
      "colorIdentity": [
        "W",
        "B",
        "G"
      ],
      "colors": [
        "White",
        "Black",
        "Green"
      ],
      "flavor": "The mere approach of an Abzan war beast is enough to send enemies fleeing in panic.",
      "foreignNames": [
        {
          "language": "Chinese Simplified",
          "name": "攻城犀牛"
        },
        {
          "language": "Chinese Traditional",
          "name": "攻城犀牛"
        },
        {
          "language": "French",
          "name": "Rhinocéros de siège"
        },
        {
          "language": "German",
          "name": "Belagerungsnashorn"
        },
        {
          "language": "Italian",
          "name": "Rinoceronte da Assedio"
        },
        {
          "language": "Japanese",
          "name": "包囲サイ"
        },
        {
          "language": "Korean",
          "name": "공성 코뿔소"
        },
        {
          "language": "Portuguese (Brazil)",
          "name": "Rinoceronte de Cerco"
        },
        {
          "language": "Russian",
          "name": "Осадный Носорог"
        },
        {
          "language": "Spanish",
          "name": "Rinoceronte de asedio"
        }
      ],
      "id": "61e79d7ad6a16024fb0d320eab2616c30f6e1d3e",
      "imageName": "siege rhino",
      "layout": "normal",
      "legalities": [
        {
          "format": "Commander",
          "legality": "Legal"
        },
        {
          "format": "Khans of Tarkir Block",
          "legality": "Legal"
        },
        {
          "format": "Legacy",
          "legality": "Legal"
        },
        {
          "format": "Modern",
          "legality": "Legal"
        },
        {
          "format": "Vintage",
          "legality": "Legal"
        }
      ],
      "manaCost": "{1}{W}{B}{G}",
      "mciNumber": "133",
      "name": "Siege Rhino",
      "number": "5",
      "power": "4",
      "printings": [
        "pPRE",
        "KTK",
        "CP3"
      ],
      "rarity": "Special",
      "source": "Clash Pack Promo (Magic Origins)",
      "subtypes": [
        "Rhino"
      ],
      "text": "Trample\nWhen Siege Rhino enters the battlefield, each opponent loses 3 life and you gain 3 life.",
      "toughness": "5",
      "type": "Creature — Rhino",
      "types": [
        "Creature"
      ]
    },
    {
      "artist": "John Avon",
      "cmc": 0,
      "colorIdentity": [
        "W",
        "B",
        "G"
      ],
      "flavor": "That which endures, survives.",
      "foreignNames": [
        {
          "language": "Chinese Simplified",
          "name": "沙原殿堂"
        },
        {
          "language": "Chinese Traditional",
          "name": "沙原殿堂"
        },
        {
          "language": "French",
          "name": "Citadelle de la steppe de sable"
        },
        {
          "language": "German",
          "name": "Sandsteppenzitadelle"
        },
        {
          "language": "Italian",
          "name": "Roccaforte delle Steppe Sabbiose"
        },
        {
          "language": "Japanese",
          "name": "砂草原の城塞"
        },
        {
          "language": "Korean",
          "name": "모래초원 성채"
        },
        {
          "language": "Portuguese (Brazil)",
          "name": "Cidadela da Estepe Arenosa"
        },
        {
          "language": "Russian",
          "name": "Цитадель в Песчаной Степи"
        },
        {
          "language": "Spanish",
          "name": "Ciudadela esteparenosa"
        }
      ],
      "id": "8d57775eaaf285e601916557eaa2d1a66ce4d623",
      "imageName": "sandsteppe citadel",
      "layout": "normal",
      "legalities": [
        {
          "format": "Commander",
          "legality": "Legal"
        },
        {
          "format": "Khans of Tarkir Block",
          "legality": "Legal"
        },
        {
          "format": "Legacy",
          "legality": "Legal"
        },
        {
          "format": "Modern",
          "legality": "Legal"
        },
        {
          "format": "Vintage",
          "legality": "Legal"
        }
      ],
      "mciNumber": "134",
      "name": "Sandsteppe Citadel",
      "number": "6",
      "printings": [
        "KTK",
        "CP3",
        "C16",
        "C17"
      ],
      "rarity": "Special",
      "source": "Clash Pack Promo (Magic Origins)",
      "text": "Sandsteppe Citadel enters the battlefield tapped.\n{T}: Add {W}, {B}, or {G} to your mana pool.",
      "type": "Land",
      "types": [
        "Land"
      ]
    }
  ]
}