{
  "SET": {
    "name": "Battle for Zendikar",
    "code": "BFZ", 
    "magicCardsInfoCode": "bfz", 
    "essentialMagicCode": "108", 
    "releaseDate": "2015-10-02", 
    "border": "black", 
    "type": "expansion",
    "block": "Battle for Zendikar",
    "booster": [
      ["rare", "mythic rare"],
      "uncommon",
      "uncommon",
      "uncommon",
      "common",
      "common",
      "common",
      "common",
      "common",
      "common",
      "common",
      "common",
      "common",
      "common",
      "land",
      "marketing"
    ], 
    "translations": {
      "de": "Kampf um Zendikar", 
      "fr": "La bataille de Zendikar", 
      "it": "Battaglia per Zendikar", 
      "es": "La batalla por Zendikar", 
      "pt": "Batalha por Zendikar", 
      "jp": "戦乱のゼンディカー", 
      "cn": "再战赞迪卡", 
      "ru": "Битва за Зендикар", 
      "tw": "再戰贊迪卡", 
      "ko": "젠디카르 전투"
    },
    "mkm_name": "Battle for Zendikar", 
    "mkm_id": 1668
  },
  "SET_CORRECTIONS": [
    {"match": {"multiverseid": 401847}, "fixForeignNames": [{"language": "Japanese", "name": "破滅の伝導者"}]},
    {"match": {"multiverseid": 403641}, "replace": {"name": "破滅の伝導者", "originalText": "あなたが破滅の伝導者を唱えたとき、あなたはあなたのライブラリーから点数で見たマナ・コストが７以上の無色のクリーチャー・カードを１枚探してもよい。そうしたなら、それを公開し、その後あなたのライブラリーを切り直し、そのカードをライブラリーの一番上に置く。各ターン、あなたが最初に唱えるクリーチャー・呪文を唱えるためのコストは{2}少なくなる。"}},
    {"renumberImages": "Forest", "order": [401889, 401888, 401891, 401886, 401890, 401887, 401885, 401884, 401882, 401883]},
    {"match": {"multiverseid": 401889}, "replace": {"mciNumber": "270a"}},
    {"match": {"multiverseid": 401888}, "replace": {"mciNumber": "271a"}},
    {"match": {"multiverseid": 401891}, "replace": {"mciNumber": "272a"}},
    {"match": {"multiverseid": 401886}, "replace": {"mciNumber": "273a"}},
    {"match": {"multiverseid": 401890}, "replace": {"mciNumber": "274a"}},
    {"match": {"multiverseid": 401887}, "replace": {"mciNumber": "270b"}},
    {"match": {"multiverseid": 401885}, "replace": {"mciNumber": "271b"}},
    {"match": {"multiverseid": 401884}, "replace": {"mciNumber": "272b"}},
    {"match": {"multiverseid": 401882}, "replace": {"mciNumber": "273b"}},
    {"match": {"multiverseid": 401883}, "replace": {"mciNumber": "274b"}},
    {"renumberImages": "Island", "order": [401925, 401923, 401926, 401927, 401921, 401922, 401918, 401920, 401924, 401919]}, 
    {"match": {"multiverseid": 401925}, "replace": {"mciNumber": "255a"}}, 
    {"match": {"multiverseid": 401923}, "replace": {"mciNumber": "256a"}}, 
    {"match": {"multiverseid": 401926}, "replace": {"mciNumber": "257a"}}, 
    {"match": {"multiverseid": 401927}, "replace": {"mciNumber": "258a"}}, 
    {"match": {"multiverseid": 401921}, "replace": {"mciNumber": "259a"}}, 
    {"match": {"multiverseid": 401922}, "replace": {"mciNumber": "255b"}}, 
    {"match": {"multiverseid": 401918}, "replace": {"mciNumber": "256b"}}, 
    {"match": {"multiverseid": 401920}, "replace": {"mciNumber": "257b"}}, 
    {"match": {"multiverseid": 401924}, "replace": {"mciNumber": "258b"}}, 
    {"match": {"multiverseid": 401919}, "replace": {"mciNumber": "259b"}},
    {"renumberImages": "Mountain", "order": [401958, 401957, 401954, 401955, 401953, 401962, 401959, 401956, 401961, 401960]}, 
    {"match": {"multiverseid": 401958}, "replace": {"mciNumber": "265a"}}, 
    {"match": {"multiverseid": 401957}, "replace": {"mciNumber": "266a"}}, 
    {"match": {"multiverseid": 401954}, "replace": {"mciNumber": "267a"}}, 
    {"match": {"multiverseid": 401955}, "replace": {"mciNumber": "268a"}}, 
    {"match": {"multiverseid": 401953}, "replace": {"mciNumber": "269a"}}, 
    {"match": {"multiverseid": 401962}, "replace": {"mciNumber": "265b"}}, 
    {"match": {"multiverseid": 401959}, "replace": {"mciNumber": "266b"}}, 
    {"match": {"multiverseid": 401956}, "replace": {"mciNumber": "267b"}}, 
    {"match": {"multiverseid": 401961}, "replace": {"mciNumber": "268b"}}, 
    {"match": {"multiverseid": 401960}, "replace": {"mciNumber": "269b"}},
    {"renumberImages": "Plains", "order": [401985, 401988, 401989, 401986, 401987, 401992, 401993, 401991, 401994, 401990]}, 
    {"match": {"multiverseid": 401985}, "replace": {"mciNumber": "250a"}},
    {"match": {"multiverseid": 401988}, "replace": {"mciNumber": "251a"}}, 
    {"match": {"multiverseid": 401989}, "replace": {"mciNumber": "252a"}}, 
    {"match": {"multiverseid": 401986}, "replace": {"mciNumber": "253a"}}, 
    {"match": {"multiverseid": 401987}, "replace": {"mciNumber": "254a"}}, 
    {"match": {"multiverseid": 401992}, "replace": {"mciNumber": "250b"}}, 
    {"match": {"multiverseid": 401993}, "replace": {"mciNumber": "251b"}}, 
    {"match": {"multiverseid": 401991}, "replace": {"mciNumber": "252b"}}, 
    {"match": {"multiverseid": 401994}, "replace": {"mciNumber": "253b"}}, 
    {"match": {"multiverseid": 401990}, "replace": {"mciNumber": "254b"}},
    {"renumberImages": "Swamp", "order": [402055, 402053, 402054, 402056, 402057, 402061, 402058, 402060, 402059, 402062]}, 
    {"match": {"multiverseid": 402055}, "replace": {"mciNumber": "260a"}}, 
    {"match": {"multiverseid": 402053}, "replace": {"mciNumber": "261a"}}, 
    {"match": {"multiverseid": 402054}, "replace": {"mciNumber": "262a"}}, 
    {"match": {"multiverseid": 402056}, "replace": {"mciNumber": "263a"}}, 
    {"match": {"multiverseid": 402057}, "replace": {"mciNumber": "264a"}}, 
    {"match": {"multiverseid": 402061}, "replace": {"mciNumber": "260b"}}, 
    {"match": {"multiverseid": 402058}, "replace": {"mciNumber": "261b"}}, 
    {"match": {"multiverseid": 402060}, "replace": {"mciNumber": "262b"}},
    {"match": {"multiverseid": 402059}, "replace": {"mciNumber": "263b"}},
    {"match": {"multiverseid": 402062}, "replace": {"mciNumber": "264b"}}
  ]
}